-- MySQL dump 10.13  Distrib 8.0.36, for Linux (x86_64)
--
-- Host: 127.0.0.1    Database: stock
-- ------------------------------------------------------
-- Server version	8.0.36-0ubuntu0.20.04.1

/*!40101 SET @OLD_CHARACTER_SET_CLIENT=@@CHARACTER_SET_CLIENT */;
/*!40101 SET @OLD_CHARACTER_SET_RESULTS=@@CHARACTER_SET_RESULTS */;
/*!40101 SET @OLD_COLLATION_CONNECTION=@@COLLATION_CONNECTION */;
/*!50503 SET NAMES utf8mb4 */;
/*!40103 SET @OLD_TIME_ZONE=@@TIME_ZONE */;
/*!40103 SET TIME_ZONE='+00:00' */;
/*!40014 SET @OLD_UNIQUE_CHECKS=@@UNIQUE_CHECKS, UNIQUE_CHECKS=0 */;
/*!40014 SET @OLD_FOREIGN_KEY_CHECKS=@@FOREIGN_KEY_CHECKS, FOREIGN_KEY_CHECKS=0 */;
/*!40101 SET @OLD_SQL_MODE=@@SQL_MODE, SQL_MODE='NO_AUTO_VALUE_ON_ZERO' */;
/*!40111 SET @OLD_SQL_NOTES=@@SQL_NOTES, SQL_NOTES=0 */;

--
-- Current Database: `stock`
--

CREATE DATABASE /*!32312 IF NOT EXISTS*/ `stock` /*!40100 DEFAULT CHARACTER SET utf8mb4 COLLATE utf8mb4_0900_ai_ci */ /*!80016 DEFAULT ENCRYPTION='N' */;

USE `stock`;

--
-- Table structure for table `actions`
--

DROP TABLE IF EXISTS `actions`;
/*!40101 SET @saved_cs_client     = @@character_set_client */;
/*!50503 SET character_set_client = utf8mb4 */;
CREATE TABLE `actions` (
  `id` int NOT NULL AUTO_INCREMENT,
  `name` varchar(30) NOT NULL,
  PRIMARY KEY (`id`)
) ENGINE=InnoDB AUTO_INCREMENT=5 DEFAULT CHARSET=utf8mb4 COLLATE=utf8mb4_0900_ai_ci;
/*!40101 SET character_set_client = @saved_cs_client */;

--
-- Dumping data for table `actions`
--

LOCK TABLES `actions` WRITE;
/*!40000 ALTER TABLE `actions` DISABLE KEYS */;
INSERT INTO `actions` VALUES (1,'Чтение'),(2,'Добавление'),(3,'Редактирование'),(4,'Удаление');
/*!40000 ALTER TABLE `actions` ENABLE KEYS */;
UNLOCK TABLES;

--
-- Table structure for table `ages`
--

DROP TABLE IF EXISTS `ages`;
/*!40101 SET @saved_cs_client     = @@character_set_client */;
/*!50503 SET character_set_client = utf8mb4 */;
CREATE TABLE `ages` (
  `id` int NOT NULL AUTO_INCREMENT,
  `name` varchar(30) NOT NULL,
  `description` varchar(255) NOT NULL,
  PRIMARY KEY (`id`)
) ENGINE=InnoDB AUTO_INCREMENT=7 DEFAULT CHARSET=utf8mb4 COLLATE=utf8mb4_0900_ai_ci;
/*!40101 SET character_set_client = @saved_cs_client */;

--
-- Dumping data for table `ages`
--

LOCK TABLES `ages` WRITE;
/*!40000 ALTER TABLE `ages` DISABLE KEYS */;
INSERT INTO `ages` VALUES (1,'Взрослые (М)','Взрослые мужчины'),(2,'Мужское 2','170-176 '),(3,'Женские','168'),(4,'Мужское 1','164-168'),(5,'Мужское 3','182-188');
/*!40000 ALTER TABLE `ages` ENABLE KEYS */;
UNLOCK TABLES;

--
-- Table structure for table `clothoperations`
--

DROP TABLE IF EXISTS `clothoperations`;
/*!40101 SET @saved_cs_client     = @@character_set_client */;
/*!50503 SET character_set_client = utf8mb4 */;
CREATE TABLE `clothoperations` (
  `id` int NOT NULL AUTO_INCREMENT,
  `operationId` int NOT NULL,
  `packageId` int NOT NULL,
  `priceId` int NOT NULL,
  `isEnded` tinyint(1) NOT NULL DEFAULT '0',
  PRIMARY KEY (`id`),
  KEY `operationId` (`operationId`),
  KEY `packageId` (`packageId`),
  KEY `priceId` (`priceId`),
  CONSTRAINT `clothoperations_ibfk_1` FOREIGN KEY (`operationId`) REFERENCES `operations` (`id`) ON UPDATE CASCADE,
  CONSTRAINT `clothoperations_ibfk_2` FOREIGN KEY (`packageId`) REFERENCES `packages` (`id`) ON UPDATE CASCADE,
  CONSTRAINT `clothoperations_ibfk_3` FOREIGN KEY (`priceId`) REFERENCES `prices` (`id`) ON UPDATE CASCADE
) ENGINE=InnoDB AUTO_INCREMENT=223 DEFAULT CHARSET=utf8mb4 COLLATE=utf8mb4_0900_ai_ci;
/*!40101 SET character_set_client = @saved_cs_client */;

--
-- Dumping data for table `clothoperations`
--

LOCK TABLES `clothoperations` WRITE;
/*!40000 ALTER TABLE `clothoperations` DISABLE KEYS */;
INSERT INTO `clothoperations` VALUES (1,1,1,11,1),(2,4,1,46,0),(3,1,2,5,0),(4,4,2,6,0),(5,1,3,7,0),(6,4,3,8,0),(7,1,4,9,0),(8,4,4,10,0),(9,1,6,13,0),(10,4,6,14,0),(11,1,7,15,0),(12,4,7,16,0),(13,1,8,17,0),(14,4,8,18,0),(15,1,9,19,0),(16,4,9,20,0),(17,1,18,21,0),(18,4,18,22,0),(19,1,19,23,0),(20,4,19,24,0),(21,1,20,25,0),(22,4,20,26,0),(23,1,21,27,0),(24,4,21,28,0),(25,1,22,29,0),(26,4,22,30,0),(27,1,28,31,0),(28,4,28,32,0),(29,1,29,33,0),(30,4,29,34,0),(31,1,30,35,0),(32,4,30,36,0),(33,1,31,79,1),(34,4,31,80,1),(35,1,32,40,0),(36,4,32,41,0),(37,1,33,42,0),(38,4,33,43,0),(39,1,34,44,0),(40,4,34,45,0),(42,1,35,48,0),(43,4,35,49,0),(44,1,36,50,0),(45,4,36,51,0),(46,1,37,52,0),(47,4,37,53,0),(48,1,38,54,0),(49,4,38,55,0),(50,1,39,56,0),(51,4,39,57,0),(52,1,40,58,0),(53,4,40,59,0),(54,1,41,60,0),(55,4,41,61,0),(56,1,42,62,0),(57,4,42,63,0),(58,1,43,64,0),(59,4,43,65,0),(60,1,44,66,0),(61,4,44,67,0),(62,5,44,68,0),(63,1,45,69,0),(64,4,45,70,0),(65,5,45,71,0),(66,1,46,72,0),(67,4,46,73,0),(68,5,46,74,0),(69,1,47,75,0),(70,4,47,76,0),(71,5,47,77,0),(72,1,51,87,1),(73,4,51,91,1),(74,1,52,92,1),(75,4,52,84,0),(76,1,53,85,0),(77,4,53,86,0),(78,3,53,88,0),(79,1,63,97,0),(80,4,63,98,0),(81,1,64,99,0),(82,4,64,100,0),(83,1,65,143,1),(84,5,65,103,0),(85,4,65,102,0),(86,1,66,105,0),(87,4,66,104,0),(88,5,66,106,0),(89,4,67,107,0),(90,5,67,108,0),(91,1,67,109,0),(92,1,68,110,0),(93,4,68,111,0),(94,5,68,112,0),(95,1,69,113,0),(96,4,69,114,0),(97,5,69,115,0),(98,1,70,116,0),(99,4,70,117,0),(100,5,70,118,0),(101,1,71,119,0),(102,4,71,120,0),(103,5,71,121,0),(104,1,72,122,0),(105,4,72,123,0),(106,5,72,124,0),(107,1,73,125,0),(108,4,73,126,0),(109,1,74,128,0),(110,5,73,127,0),(111,5,74,129,0),(112,4,74,130,0),(113,1,75,131,0),(114,2,75,132,0),(115,4,75,133,0),(116,1,76,134,0),(117,2,76,135,0),(118,4,76,136,0),(119,1,77,137,0),(120,4,78,139,0),(121,2,77,138,0),(122,2,78,142,0),(123,1,78,141,0),(124,4,77,140,0),(125,1,79,144,0),(126,2,79,145,0),(127,4,80,146,0),(128,2,80,147,0),(129,1,80,148,0),(130,4,79,149,0),(131,1,81,150,0),(132,4,81,152,0),(133,1,82,154,0),(134,2,82,153,0),(135,1,83,156,0),(136,4,83,158,0),(137,4,82,157,0),(138,2,83,155,0),(139,2,81,151,0),(140,1,88,170,1),(141,4,88,162,0),(142,5,88,163,0),(143,1,89,164,0),(144,4,89,165,0),(145,5,89,166,0),(146,5,90,202,1),(147,2,90,193,1),(148,3,90,226,1),(149,4,90,178,0),(150,1,91,179,1),(151,2,91,180,0),(152,3,91,181,0),(153,4,91,182,0),(154,1,92,183,0),(155,2,92,184,0),(156,3,92,185,0),(157,4,92,186,0),(158,1,93,187,0),(159,2,93,188,0),(160,3,93,189,0),(161,4,93,190,0),(162,2,94,194,0),(163,4,94,195,0),(164,2,95,196,0),(165,4,95,197,0),(166,2,96,198,0),(167,4,96,199,0),(168,2,97,200,0),(169,4,97,201,0),(170,1,98,205,1),(171,2,98,225,1),(172,3,98,207,0),(173,4,98,208,0),(174,1,99,209,0),(175,2,99,210,0),(176,3,99,211,0),(177,4,99,212,0),(178,1,100,213,0),(179,2,100,214,0),(180,3,100,215,0),(181,4,100,216,0),(182,1,101,217,0),(183,2,101,218,0),(184,3,101,219,0),(185,4,101,220,0),(186,1,102,221,0),(187,2,102,222,0),(188,3,102,223,0),(189,4,102,224,0),(190,1,103,230,0),(191,2,103,231,0),(192,4,103,232,0),(193,5,103,233,0),(194,1,104,234,1),(195,2,104,250,1),(196,4,104,236,0),(197,5,104,237,0),(198,1,105,238,0),(199,2,105,239,0),(200,4,105,240,0),(201,5,105,241,0),(202,1,106,242,0),(203,2,106,243,0),(204,4,106,244,0),(205,5,106,245,0),(206,1,107,246,0),(207,2,107,247,0),(208,4,107,248,0),(209,5,107,249,0),(210,3,104,252,1),(211,1,108,253,0),(212,2,108,254,0),(213,4,108,255,0),(214,2,109,256,0),(215,5,108,257,0),(216,1,109,258,0),(217,4,109,259,0),(218,5,109,260,0),(219,1,110,261,0),(220,2,110,262,0),(221,4,110,263,0),(222,5,110,264,0);
/*!40000 ALTER TABLE `clothoperations` ENABLE KEYS */;
UNLOCK TABLES;

--
-- Table structure for table `clothoperationspersons`
--

DROP TABLE IF EXISTS `clothoperationspersons`;
/*!40101 SET @saved_cs_client     = @@character_set_client */;
/*!50503 SET character_set_client = utf8mb4 */;
CREATE TABLE `clothoperationspersons` (
  `id` int NOT NULL AUTO_INCREMENT,
  `personId` int NOT NULL,
  `clothOperationId` int NOT NULL,
  `dateStart` datetime NOT NULL,
  `isEnded` tinyint(1) NOT NULL DEFAULT '0',
  PRIMARY KEY (`id`),
  KEY `personId` (`personId`),
  KEY `clothOperationId` (`clothOperationId`),
  CONSTRAINT `clothoperationspersons_ibfk_1` FOREIGN KEY (`personId`) REFERENCES `persons` (`id`) ON DELETE CASCADE ON UPDATE CASCADE,
  CONSTRAINT `clothoperationspersons_ibfk_2` FOREIGN KEY (`clothOperationId`) REFERENCES `clothoperations` (`id`) ON DELETE CASCADE ON UPDATE CASCADE
) ENGINE=InnoDB AUTO_INCREMENT=26 DEFAULT CHARSET=utf8mb4 COLLATE=utf8mb4_0900_ai_ci;
/*!40101 SET character_set_client = @saved_cs_client */;

--
-- Dumping data for table `clothoperationspersons`
--

LOCK TABLES `clothoperationspersons` WRITE;
/*!40000 ALTER TABLE `clothoperationspersons` DISABLE KEYS */;
INSERT INTO `clothoperationspersons` VALUES (1,3,1,'2023-11-27 16:00:07',1),(2,3,2,'2023-11-30 05:00:11',0),(7,1,33,'2023-12-05 15:35:39',1),(8,1,72,'2024-01-09 05:30:16',1),(9,3,73,'2024-01-07 21:00:00',1),(10,2,73,'2024-01-22 21:00:00',1),(11,1,74,'2024-01-24 21:00:00',1),(12,1,73,'2024-01-09 21:00:00',1),(13,2,92,'2024-02-04 15:26:24',1),(14,3,140,'2024-03-04 04:47:50',1),(15,1,146,'2024-04-04 21:00:00',1),(16,4,146,'2024-04-06 08:28:45',1),(17,3,170,'2024-04-04 21:00:00',1),(18,1,170,'2024-04-06 21:00:00',1),(19,1,148,'2024-04-06 21:00:00',1),(20,1,148,'2024-04-07 21:00:00',1),(21,1,150,'2024-04-06 21:00:00',1),(22,1,149,'2024-04-23 21:00:00',0),(23,1,147,'2024-04-23 21:00:00',1),(24,2,194,'2024-04-06 09:51:09',1),(25,4,195,'2024-04-07 21:00:00',1);
/*!40000 ALTER TABLE `clothoperationspersons` ENABLE KEYS */;
UNLOCK TABLES;

--
-- Table structure for table `histories`
--

DROP TABLE IF EXISTS `histories`;
/*!40101 SET @saved_cs_client     = @@character_set_client */;
/*!50503 SET character_set_client = utf8mb4 */;
CREATE TABLE `histories` (
  `id` int NOT NULL AUTO_INCREMENT,
  `personId` int NOT NULL,
  `actionId` int NOT NULL,
  `tableName` varchar(30) NOT NULL,
  `value` varchar(100) NOT NULL,
  `createdAt` datetime NOT NULL,
  PRIMARY KEY (`id`),
  KEY `personId` (`personId`),
  KEY `actionId` (`actionId`),
  CONSTRAINT `histories_ibfk_1` FOREIGN KEY (`personId`) REFERENCES `persons` (`id`) ON DELETE CASCADE ON UPDATE CASCADE,
  CONSTRAINT `histories_ibfk_2` FOREIGN KEY (`actionId`) REFERENCES `actions` (`id`) ON UPDATE CASCADE
) ENGINE=InnoDB AUTO_INCREMENT=1148 DEFAULT CHARSET=utf8mb4 COLLATE=utf8mb4_0900_ai_ci;
/*!40101 SET character_set_client = @saved_cs_client */;

--
-- Dumping data for table `histories`
--

LOCK TABLES `histories` WRITE;
/*!40000 ALTER TABLE `histories` DISABLE KEYS */;
INSERT INTO `histories` VALUES (1,1,2,'persons','Пользователь авторизовался','2023-11-27 15:49:08'),(2,1,2,'materials','Создана запись с полями Шелк','2023-11-27 15:49:37'),(3,1,2,'persons','Пользователь авторизовался','2023-11-27 15:50:40'),(4,1,2,'persons','Пользователь авторизовался','2023-11-27 15:55:51'),(5,1,2,'operations','Создана запись с полями Over','2023-11-27 15:56:27'),(6,1,2,'operations','Создана запись с полями YN','2023-11-27 15:56:49'),(7,1,2,'operations','Создана запись с полями PL','2023-11-27 15:57:05'),(8,1,2,'operations','Создана запись с полями GL','2023-11-27 15:57:22'),(9,1,2,'models','Создана запись с полями Треники','2023-11-27 15:57:59'),(10,1,2,'modeloperations','Создана запись с полями 1 1 1','2023-11-27 15:57:59'),(11,1,2,'modeloperations','Создана запись с полями 2 1 4','2023-11-27 15:57:59'),(12,1,2,'prices','Создана запись с полями 1200','2023-11-27 15:57:59'),(13,1,2,'modelprices','Создана запись с полями 1 1','2023-11-27 15:58:00'),(14,1,2,'prices','Создана запись с полями 1300','2023-11-27 15:58:00'),(15,1,2,'modelprices','Создана запись с полями 1 2','2023-11-27 15:58:00'),(16,1,2,'clothoperations','Создана запись с полями Взрослые (М)','2023-11-27 15:58:45'),(17,1,2,'sizes','Создана запись с полями 42-44','2023-11-27 15:58:55'),(18,1,2,'parties','Создана запись с полями 1.11','2023-11-27 15:59:29'),(19,1,2,'packages','Добавлен список из 4 записей','2023-11-27 15:59:30'),(20,1,2,'prices','Создана запись с полями 240','2023-11-27 15:59:30'),(21,1,2,'clothoperations','Создана запись с полями 1','2023-11-27 15:59:30'),(22,1,2,'prices','Создана запись с полями 240','2023-11-27 15:59:30'),(23,1,2,'clothoperations','Создана запись с полями 1','2023-11-27 15:59:30'),(24,1,2,'prices','Создана запись с полями 240','2023-11-27 15:59:31'),(25,1,2,'clothoperations','Создана запись с полями 2','2023-11-27 15:59:31'),(26,1,2,'prices','Создана запись с полями 240','2023-11-27 15:59:31'),(27,1,2,'clothoperations','Создана запись с полями 2','2023-11-27 15:59:31'),(28,1,2,'prices','Создана запись с полями 240','2023-11-27 15:59:32'),(29,1,2,'clothoperations','Создана запись с полями 3','2023-11-27 15:59:32'),(30,1,2,'prices','Создана запись с полями 240','2023-11-27 15:59:32'),(31,1,2,'clothoperations','Создана запись с полями 3','2023-11-27 15:59:32'),(32,1,2,'prices','Создана запись с полями 240','2023-11-27 15:59:33'),(33,1,2,'clothoperations','Создана запись с полями 4','2023-11-27 15:59:33'),(34,1,2,'prices','Создана запись с полями 240','2023-11-27 15:59:33'),(35,1,2,'clothoperations','Создана запись с полями 4','2023-11-27 15:59:33'),(36,1,2,'clothoperationspersons','Создана запись с полями 1','2023-11-27 16:00:08'),(37,1,3,'clothoperationspersons','Обновлена запись с полями 1','2023-11-27 16:00:12'),(38,1,2,'persons','Пользователь авторизовался','2023-11-28 02:49:00'),(39,1,2,'prices','Создана запись с полями 240','2023-11-28 02:49:55'),(40,1,3,'clothoperations','Обновлена запись с полями 1','2023-11-28 02:49:55'),(41,1,3,'packages','Обновлена запись с полями 1','2023-11-28 02:50:18'),(42,1,2,'persons','Пользователь авторизовался','2023-11-28 07:01:22'),(43,1,2,'persons','Пользователь авторизовался','2023-11-28 08:41:57'),(44,1,2,'persons','Пользователь авторизовался','2023-11-28 09:09:21'),(45,1,2,'persons','Пользователь авторизовался','2023-11-28 09:09:37'),(46,1,2,'persons','Пользователь авторизовался','2023-11-28 09:11:06'),(47,1,2,'persons','Пользователь авторизовался','2023-11-28 09:11:45'),(48,1,2,'persons','Пользователь авторизовался','2023-11-28 17:06:36'),(49,1,2,'persons','Пользователь авторизовался','2023-11-28 18:01:53'),(50,1,2,'persons','Пользователь авторизовался','2023-11-28 18:18:55'),(51,1,2,'persons','Пользователь авторизовался','2023-11-29 16:22:23'),(52,1,2,'persons','Пользователь авторизовался','2023-11-29 16:22:26'),(53,1,2,'persons','Пользователь авторизовался','2023-11-29 16:23:33'),(54,1,2,'persons','Пользователь авторизовался','2023-11-29 16:23:36'),(55,1,2,'persons','Пользователь авторизовался','2023-11-29 16:42:53'),(56,1,2,'persons','Пользователь авторизовался','2023-11-29 16:46:58'),(57,1,2,'persons','Пользователь авторизовался','2023-11-29 16:48:22'),(58,1,2,'persons','Пользователь авторизовался','2023-11-29 16:48:41'),(59,1,2,'persons','Пользователь авторизовался','2023-11-29 17:06:40'),(60,1,2,'models','Создана запись с полями Платье с карандашом','2023-11-29 17:07:01'),(61,1,2,'modeloperations','Создана запись с полями 3 2 1','2023-11-29 17:07:02'),(62,1,2,'modeloperations','Создана запись с полями 4 2 4','2023-11-29 17:07:02'),(63,1,2,'prices','Создана запись с полями 23','2023-11-29 17:07:02'),(64,1,2,'modelprices','Создана запись с полями 2 12','2023-11-29 17:07:02'),(65,1,2,'persons','Пользователь авторизовался','2023-11-29 17:08:13'),(66,1,2,'persons','Пользователь авторизовался','2023-11-29 17:11:45'),(67,1,2,'persons','Пользователь авторизовался','2023-11-29 17:14:05'),(68,1,2,'parties','Создана запись с полями 2.11','2023-11-29 17:14:32'),(69,1,2,'packages','Добавлен список из 4 записей','2023-11-29 17:14:33'),(70,1,2,'prices','Создана запись с полями 4.6','2023-11-29 17:14:33'),(71,1,2,'clothoperations','Создана запись с полями 6','2023-11-29 17:14:33'),(72,1,2,'prices','Создана запись с полями 4.6','2023-11-29 17:14:33'),(73,1,2,'clothoperations','Создана запись с полями 6','2023-11-29 17:14:33'),(74,1,2,'prices','Создана запись с полями 4.6','2023-11-29 17:14:34'),(75,1,2,'clothoperations','Создана запись с полями 7','2023-11-29 17:14:34'),(76,1,2,'prices','Создана запись с полями 4.6','2023-11-29 17:14:34'),(77,1,2,'clothoperations','Создана запись с полями 7','2023-11-29 17:14:34'),(78,1,2,'prices','Создана запись с полями 4.6','2023-11-29 17:14:34'),(79,1,2,'clothoperations','Создана запись с полями 8','2023-11-29 17:14:35'),(80,1,2,'prices','Создана запись с полями 4.6','2023-11-29 17:14:35'),(81,1,2,'clothoperations','Создана запись с полями 8','2023-11-29 17:14:35'),(82,1,2,'prices','Создана запись с полями 4.6','2023-11-29 17:14:35'),(83,1,2,'clothoperations','Создана запись с полями 9','2023-11-29 17:14:35'),(84,1,2,'prices','Создана запись с полями 4.6','2023-11-29 17:14:36'),(85,1,2,'clothoperations','Создана запись с полями 9','2023-11-29 17:14:36'),(86,1,2,'persons','Пользователь авторизовался','2023-11-29 17:25:38'),(87,1,2,'persons','Пользователь авторизовался','2023-11-29 17:27:05'),(88,1,2,'persons','Пользователь авторизовался','2023-11-29 17:27:43'),(89,1,2,'persons','Пользователь авторизовался','2023-11-29 17:31:29'),(90,1,2,'persons','Пользователь авторизовался','2023-11-29 17:40:20'),(91,1,2,'persons','Пользователь авторизовался','2023-11-29 17:41:01'),(92,1,2,'persons','Пользователь авторизовался','2023-11-29 17:43:08'),(93,1,2,'persons','Пользователь авторизовался','2023-11-29 17:46:27'),(94,1,2,'persons','Пользователь авторизовался','2023-11-29 17:51:04'),(95,1,2,'persons','Пользователь авторизовался','2023-11-29 17:51:27'),(96,1,2,'persons','Пользователь авторизовался','2023-11-29 17:54:55'),(97,1,2,'parties','Создана запись с полями 3.11','2023-11-29 17:55:34'),(98,1,2,'packages','Добавлен список из 5 записей','2023-11-29 17:55:39'),(99,1,2,'prices','Создана запись с полями 240','2023-11-29 17:55:50'),(100,1,2,'clothoperations','Создана запись с полями 18','2023-11-29 17:55:50'),(101,1,2,'prices','Создана запись с полями 240','2023-11-29 17:55:50'),(102,1,2,'clothoperations','Создана запись с полями 18','2023-11-29 17:55:51'),(103,1,2,'prices','Создана запись с полями 240','2023-11-29 17:55:51'),(104,1,2,'clothoperations','Создана запись с полями 19','2023-11-29 17:55:51'),(105,1,2,'prices','Создана запись с полями 240','2023-11-29 17:55:51'),(106,1,2,'clothoperations','Создана запись с полями 19','2023-11-29 17:55:51'),(107,1,2,'prices','Создана запись с полями 240','2023-11-29 17:55:52'),(108,1,2,'clothoperations','Создана запись с полями 20','2023-11-29 17:55:52'),(109,1,2,'prices','Создана запись с полями 240','2023-11-29 17:55:52'),(110,1,2,'clothoperations','Создана запись с полями 20','2023-11-29 17:55:52'),(111,1,2,'prices','Создана запись с полями 240','2023-11-29 17:55:53'),(112,1,2,'clothoperations','Создана запись с полями 21','2023-11-29 17:55:53'),(113,1,2,'prices','Создана запись с полями 240','2023-11-29 17:55:53'),(114,1,2,'clothoperations','Создана запись с полями 21','2023-11-29 17:55:53'),(115,1,2,'prices','Создана запись с полями 240','2023-11-29 17:55:53'),(116,1,2,'clothoperations','Создана запись с полями 22','2023-11-29 17:55:54'),(117,1,2,'prices','Создана запись с полями 240','2023-11-29 17:55:54'),(118,1,2,'clothoperations','Создана запись с полями 22','2023-11-29 17:55:54'),(119,1,2,'persons','Пользователь авторизовался','2023-11-29 17:59:31'),(120,1,2,'persons','Пользователь авторизовался','2023-11-29 18:00:13'),(121,1,2,'persons','Пользователь авторизовался','2023-11-29 18:04:09'),(122,1,2,'persons','Пользователь авторизовался','2023-11-29 18:04:56'),(123,1,2,'persons','Пользователь авторизовался','2023-11-29 18:07:13'),(124,1,2,'persons','Пользователь авторизовался','2023-11-29 18:10:11'),(125,1,2,'packages','Добавлен список из 3 записей','2023-11-29 18:11:03'),(126,1,2,'persons','Пользователь авторизовался','2023-11-29 18:11:41'),(127,1,4,'packages','Удалена запись с id = 27','2023-11-29 18:11:56'),(128,1,4,'packages','Удалена запись с id = 26','2023-11-29 18:12:00'),(129,1,4,'packages','Удалена запись с id = 25','2023-11-29 18:12:04'),(130,1,2,'persons','Пользователь авторизовался','2023-11-29 18:18:31'),(131,1,2,'packages','Добавлен список из 3 записей','2023-11-29 18:18:46'),(132,1,2,'prices','Создана запись с полями 240','2023-11-29 18:18:47'),(133,1,2,'clothoperations','Создана запись с полями 28','2023-11-29 18:18:47'),(134,1,2,'prices','Создана запись с полями 240','2023-11-29 18:18:47'),(135,1,2,'clothoperations','Создана запись с полями 28','2023-11-29 18:18:47'),(136,1,2,'prices','Создана запись с полями 240','2023-11-29 18:18:48'),(137,1,2,'clothoperations','Создана запись с полями 29','2023-11-29 18:18:48'),(138,1,2,'prices','Создана запись с полями 240','2023-11-29 18:18:48'),(139,1,2,'clothoperations','Создана запись с полями 29','2023-11-29 18:18:48'),(140,1,2,'prices','Создана запись с полями 240','2023-11-29 18:18:48'),(141,1,2,'clothoperations','Создана запись с полями 30','2023-11-29 18:18:49'),(142,1,2,'prices','Создана запись с полями 240','2023-11-29 18:18:49'),(143,1,2,'clothoperations','Создана запись с полями 30','2023-11-29 18:18:49'),(144,1,2,'persons','Пользователь авторизовался','2023-11-30 03:59:32'),(145,2,2,'persons','Пользователь зарегистрировался','2023-11-30 04:00:49'),(146,1,2,'parties','Создана запись с полями 2','2023-11-30 04:00:49'),(147,3,2,'persons','Пользователь зарегистрировался','2023-11-30 04:01:23'),(148,2,2,'persons','Пользователь авторизовался','2023-11-30 04:02:12'),(149,3,2,'persons','Пользователь авторизовался','2023-11-30 04:02:24'),(150,1,2,'persons','Пользователь авторизовался','2023-11-30 04:06:17'),(151,1,2,'persons','Пользователь авторизовался','2023-11-30 04:52:58'),(152,1,2,'prices','Создана запись с полями 500','2023-11-30 04:56:20'),(153,1,2,'modelprices','Создана запись с полями 2 37','2023-11-30 04:56:20'),(154,1,2,'parties','Создана запись с полями 1.12','2023-11-30 04:58:13'),(155,1,2,'packages','Добавлен список из 4 записей','2023-11-30 04:58:13'),(156,1,2,'prices','Создана запись с полями 100','2023-11-30 04:58:13'),(157,1,2,'clothoperations','Создана запись с полями 31','2023-11-30 04:58:14'),(158,1,2,'prices','Создана запись с полями 100','2023-11-30 04:58:14'),(159,1,2,'clothoperations','Создана запись с полями 31','2023-11-30 04:58:14'),(160,1,2,'prices','Создана запись с полями 100','2023-11-30 04:58:14'),(161,1,2,'clothoperations','Создана запись с полями 32','2023-11-30 04:58:14'),(162,1,2,'prices','Создана запись с полями 100','2023-11-30 04:58:15'),(163,1,2,'clothoperations','Создана запись с полями 32','2023-11-30 04:58:15'),(164,1,2,'prices','Создана запись с полями 100','2023-11-30 04:58:15'),(165,1,2,'clothoperations','Создана запись с полями 33','2023-11-30 04:58:15'),(166,1,2,'prices','Создана запись с полями 100','2023-11-30 04:58:16'),(167,1,2,'clothoperations','Создана запись с полями 33','2023-11-30 04:58:16'),(168,1,2,'prices','Создана запись с полями 100','2023-11-30 04:58:16'),(169,1,2,'clothoperations','Создана запись с полями 34','2023-11-30 04:58:16'),(170,1,2,'prices','Создана запись с полями 100','2023-11-30 04:58:16'),(171,1,2,'clothoperations','Создана запись с полями 34','2023-11-30 04:58:17'),(172,1,3,'clothoperationspersons','Обновлена запись с полями 3','2023-11-30 04:59:40'),(173,1,2,'prices','Создана запись с полями 240','2023-11-30 04:59:52'),(174,1,3,'clothoperations','Обновлена запись с полями 1','2023-11-30 04:59:53'),(175,1,2,'prices','Создана запись с полями 240','2023-11-30 05:00:02'),(176,1,2,'clothoperations','Создана запись с полями 1','2023-11-30 05:00:02'),(177,1,2,'clothoperationspersons','Создана запись с полями 3','2023-11-30 05:00:14'),(178,4,2,'persons','Пользователь зарегистрировался','2023-11-30 05:09:01'),(179,1,2,'parties','Создана запись с полями 4','2023-11-30 05:09:01'),(180,1,2,'parties','Создана запись с полями 2.12','2023-11-30 05:10:35'),(181,1,2,'packages','Добавлен список из 2 записей','2023-11-30 05:10:35'),(182,1,2,'prices','Создана запись с полями 260','2023-11-30 05:10:35'),(183,1,2,'clothoperations','Создана запись с полями 35','2023-11-30 05:10:35'),(184,1,2,'prices','Создана запись с полями 260','2023-11-30 05:10:36'),(185,1,2,'clothoperations','Создана запись с полями 35','2023-11-30 05:10:36'),(186,1,2,'prices','Создана запись с полями 260','2023-11-30 05:10:36'),(187,1,2,'clothoperations','Создана запись с полями 36','2023-11-30 05:10:36'),(188,1,2,'prices','Создана запись с полями 260','2023-11-30 05:10:37'),(189,1,2,'clothoperations','Создана запись с полями 36','2023-11-30 05:10:37'),(190,1,2,'parties','Создана запись с полями 3.12','2023-11-30 05:11:58'),(191,1,2,'packages','Добавлен список из 3 записей','2023-11-30 05:11:58'),(192,1,2,'prices','Создана запись с полями 240','2023-11-30 05:11:58'),(193,1,2,'clothoperations','Создана запись с полями 37','2023-11-30 05:11:59'),(194,1,2,'prices','Создана запись с полями 240','2023-11-30 05:11:59'),(195,1,2,'clothoperations','Создана запись с полями 37','2023-11-30 05:11:59'),(196,1,2,'prices','Создана запись с полями 240','2023-11-30 05:11:59'),(197,1,2,'clothoperations','Создана запись с полями 38','2023-11-30 05:12:00'),(198,1,2,'prices','Создана запись с полями 240','2023-11-30 05:12:00'),(199,1,2,'clothoperations','Создана запись с полями 38','2023-11-30 05:12:00'),(200,1,2,'prices','Создана запись с полями 240','2023-11-30 05:12:00'),(201,1,2,'clothoperations','Создана запись с полями 39','2023-11-30 05:12:00'),(202,1,2,'prices','Создана запись с полями 240','2023-11-30 05:12:01'),(203,1,2,'clothoperations','Создана запись с полями 39','2023-11-30 05:12:01'),(204,1,2,'persons','Пользователь авторизовался','2023-11-30 05:16:34'),(205,1,2,'clothoperations','Создана запись с полями Мужское','2023-11-30 05:17:34'),(206,1,2,'clothoperations','Создана запись с полями Женские','2023-11-30 05:18:01'),(207,1,2,'clothoperations','Создана запись с полями Мужское','2023-11-30 05:18:21'),(208,1,2,'clothoperations','Создана запись с полями Мужское','2023-11-30 05:18:41'),(209,1,2,'sizes','Создана запись с полями 44','2023-11-30 05:19:04'),(210,1,3,'clothoperations','Обновлена запись с полями Мужское 1','2023-11-30 05:19:26'),(211,1,3,'sizes','Обновлена запись с полями 2 44','2023-11-30 05:19:43'),(212,1,3,'clothoperations','Обновлена запись с полями Мужское 3','2023-11-30 05:19:58'),(213,1,3,'clothoperations','Обновлена запись с полями Мужское 1','2023-11-30 05:20:08'),(214,1,3,'clothoperations','Обновлена запись с полями Мужское 2','2023-11-30 05:20:18'),(215,1,3,'sizes','Обновлена запись с полями 2 44','2023-11-30 05:20:27'),(216,1,2,'sizes','Создана запись с полями 46','2023-11-30 05:20:42'),(217,1,2,'materials','Создана запись с полями Кулир ','2023-11-30 05:21:34'),(218,1,2,'parties','Создана запись с полями 07,11','2023-11-30 05:22:48'),(219,1,2,'packages','Добавлен список из 4 записей','2023-11-30 05:22:48'),(220,1,2,'prices','Создана запись с полями 100','2023-11-30 05:22:49'),(221,1,2,'clothoperations','Создана запись с полями 40','2023-11-30 05:22:49'),(222,1,2,'prices','Создана запись с полями 100','2023-11-30 05:22:49'),(223,1,2,'clothoperations','Создана запись с полями 40','2023-11-30 05:22:49'),(224,1,2,'prices','Создана запись с полями 100','2023-11-30 05:22:49'),(225,1,2,'clothoperations','Создана запись с полями 41','2023-11-30 05:22:50'),(226,1,2,'prices','Создана запись с полями 100','2023-11-30 05:22:50'),(227,1,2,'clothoperations','Создана запись с полями 41','2023-11-30 05:22:50'),(228,1,2,'prices','Создана запись с полями 100','2023-11-30 05:22:50'),(229,1,2,'clothoperations','Создана запись с полями 42','2023-11-30 05:22:51'),(230,1,2,'prices','Создана запись с полями 100','2023-11-30 05:22:51'),(231,1,2,'clothoperations','Создана запись с полями 42','2023-11-30 05:22:51'),(232,1,2,'prices','Создана запись с полями 100','2023-11-30 05:22:51'),(233,1,2,'clothoperations','Создана запись с полями 43','2023-11-30 05:22:51'),(234,1,2,'prices','Создана запись с полями 100','2023-11-30 05:22:52'),(235,1,2,'clothoperations','Создана запись с полями 43','2023-11-30 05:22:52'),(236,1,2,'operations','Создана запись с полями  ','2023-11-30 05:25:05'),(237,1,2,'modeloperations','Создана запись с полями 5 2 5','2023-11-30 05:25:21'),(238,1,2,'persons','Пользователь авторизовался','2023-11-30 10:53:25'),(239,1,2,'persons','Пользователь авторизовался','2023-11-30 11:00:26'),(240,1,2,'persons','Пользователь авторизовался','2023-11-30 13:18:59'),(241,1,3,'packages','Обновлена запись с полями 42','2023-11-30 13:19:47'),(242,1,3,'packages','Обновлена запись с полями 42','2023-11-30 13:21:00'),(243,1,2,'persons','Пользователь авторизовался','2023-12-02 07:56:46'),(244,1,4,'clothoperations','Удалена запись с id = 41','2023-12-02 07:57:57'),(245,1,2,'persons','Пользователь авторизовался','2023-12-02 08:20:10'),(246,1,2,'persons','Пользователь авторизовался','2023-12-02 08:26:04'),(247,1,2,'persons','Пользователь авторизовался','2023-12-03 08:08:10'),(248,1,2,'persons','Пользователь авторизовался','2023-12-04 10:05:19'),(249,1,2,'persons','Пользователь авторизовался','2023-12-04 10:08:07'),(250,1,2,'persons','Пользователь авторизовался','2023-12-04 10:09:29'),(251,1,2,'persons','Пользователь авторизовался','2023-12-04 10:18:01'),(252,1,2,'persons','Пользователь авторизовался','2023-12-04 10:19:12'),(253,1,2,'persons','Пользователь авторизовался','2023-12-04 10:20:39'),(254,1,2,'persons','Пользователь авторизовался','2023-12-04 10:21:39'),(255,1,2,'persons','Пользователь авторизовался','2023-12-04 10:22:23'),(256,1,2,'persons','Пользователь авторизовался','2023-12-04 10:23:41'),(257,1,2,'persons','Пользователь авторизовался','2023-12-04 11:33:18'),(258,1,2,'persons','Пользователь авторизовался','2023-12-04 13:23:55'),(259,1,2,'persons','Пользователь авторизовался','2023-12-05 11:17:40'),(260,1,2,'persons','Пользователь авторизовался','2023-12-05 11:18:49'),(261,1,2,'persons','Пользователь авторизовался','2023-12-05 11:22:10'),(262,1,2,'persons','Пользователь авторизовался','2023-12-05 12:30:44'),(263,1,2,'persons','Пользователь авторизовался','2023-12-05 12:30:52'),(264,1,2,'persons','Пользователь авторизовался','2023-12-05 12:51:30'),(265,1,2,'persons','Пользователь авторизовался','2023-12-05 12:57:50'),(266,1,2,'persons','Пользователь авторизовался','2023-12-05 13:36:52'),(267,1,2,'persons','Пользователь авторизовался','2023-12-05 13:54:10'),(268,1,2,'persons','Пользователь авторизовался','2023-12-05 14:40:57'),(269,1,2,'persons','Пользователь авторизовался','2023-12-05 14:41:36'),(270,1,2,'clothoperations','Создана запись с полями Мужская 5','2023-12-05 14:48:13'),(271,1,4,'clothoperations','Удалена запись с id = 6','2023-12-05 14:48:17'),(272,1,2,'clothoperationspersons','Создана запись с полями 1','2023-12-05 14:51:04'),(273,1,4,'clothoperationspersons','Удалена запись с id = 3','2023-12-05 14:51:16'),(274,1,2,'persons','Пользователь авторизовался','2023-12-05 14:52:36'),(275,1,2,'clothoperationspersons','Создана запись с полями 3','2023-12-05 14:52:42'),(276,1,4,'clothoperationspersons','Удалена запись с id = 4','2023-12-05 14:52:45'),(277,1,2,'persons','Пользователь авторизовался','2023-12-05 14:53:24'),(278,1,2,'clothoperationspersons','Создана запись с полями 3','2023-12-05 14:53:33'),(279,1,4,'clothoperationspersons','Удалена запись с id = 5','2023-12-05 14:53:36'),(280,1,2,'persons','Пользователь авторизовался','2023-12-05 14:54:32'),(281,1,2,'persons','Пользователь авторизовался','2023-12-05 14:55:13'),(282,1,2,'clothoperationspersons','Создана запись с полями 2','2023-12-05 14:55:33'),(283,1,4,'clothoperationspersons','Удалена запись с id = 6','2023-12-05 14:55:36'),(284,1,2,'persons','Пользователь авторизовался','2023-12-05 15:33:57'),(285,1,2,'persons','Пользователь авторизовался','2023-12-05 15:35:32'),(286,1,2,'clothoperationspersons','Создана запись с полями 1','2023-12-05 15:35:41'),(287,1,2,'persons','Пользователь авторизовался','2023-12-05 15:36:48'),(288,1,2,'persons','Пользователь авторизовался','2023-12-05 15:46:30'),(289,1,2,'persons','Пользователь авторизовался','2023-12-05 15:46:52'),(290,1,2,'persons','Пользователь авторизовался','2023-12-05 15:47:18'),(291,1,2,'persons','Пользователь авторизовался','2023-12-05 15:48:19'),(292,1,2,'persons','Пользователь авторизовался','2023-12-05 15:48:53'),(293,1,2,'persons','Пользователь авторизовался','2023-12-05 15:50:29'),(294,1,3,'clothoperationspersons','Обновлена запись с полями 1','2023-12-05 15:50:46'),(295,1,2,'persons','Пользователь авторизовался','2023-12-06 09:35:27'),(296,1,2,'parties','Создана запись с полями 2.33','2023-12-06 09:55:53'),(297,1,2,'packages','Добавлен список из 4 записей','2023-12-06 09:55:53'),(298,1,2,'prices','Создана запись с полями 100','2023-12-06 09:55:54'),(299,1,2,'clothoperations','Создана запись с полями 44','2023-12-06 09:55:54'),(300,1,2,'prices','Создана запись с полями 100','2023-12-06 09:55:54'),(301,1,2,'clothoperations','Создана запись с полями 44','2023-12-06 09:55:54'),(302,1,2,'prices','Создана запись с полями 10','2023-12-06 09:55:54'),(303,1,2,'clothoperations','Создана запись с полями 44','2023-12-06 09:55:55'),(304,1,2,'prices','Создана запись с полями 100','2023-12-06 09:55:55'),(305,1,2,'clothoperations','Создана запись с полями 45','2023-12-06 09:55:55'),(306,1,2,'prices','Создана запись с полями 100','2023-12-06 09:55:55'),(307,1,2,'clothoperations','Создана запись с полями 45','2023-12-06 09:55:56'),(308,1,2,'prices','Создана запись с полями 10','2023-12-06 09:55:56'),(309,1,2,'clothoperations','Создана запись с полями 45','2023-12-06 09:55:56'),(310,1,2,'prices','Создана запись с полями 100','2023-12-06 09:55:56'),(311,1,2,'clothoperations','Создана запись с полями 46','2023-12-06 09:55:56'),(312,1,2,'prices','Создана запись с полями 100','2023-12-06 09:55:56'),(313,1,2,'clothoperations','Создана запись с полями 46','2023-12-06 09:55:57'),(314,1,2,'prices','Создана запись с полями 10','2023-12-06 09:55:57'),(315,1,2,'clothoperations','Создана запись с полями 46','2023-12-06 09:55:57'),(316,1,2,'prices','Создана запись с полями 100','2023-12-06 09:55:57'),(317,1,2,'clothoperations','Создана запись с полями 47','2023-12-06 09:55:58'),(318,1,2,'prices','Создана запись с полями 100','2023-12-06 09:55:58'),(319,1,2,'clothoperations','Создана запись с полями 47','2023-12-06 09:55:58'),(320,1,2,'prices','Создана запись с полями 10','2023-12-06 09:55:58'),(321,1,2,'clothoperations','Создана запись с полями 47','2023-12-06 09:55:59'),(322,1,2,'persons','Пользователь авторизовался','2023-12-06 11:15:15'),(323,1,3,'packages','Обновлена запись с полями 31','2023-12-06 11:20:04'),(324,1,3,'packages','Обновлена запись с полями 32','2023-12-06 11:20:58'),(325,1,3,'packages','Обновлена запись с полями 33','2023-12-06 11:21:32'),(326,1,2,'prices','Создана запись с полями 100','2023-12-06 11:21:51'),(327,1,3,'clothoperations','Обновлена запись с полями 31','2023-12-06 11:21:51'),(328,1,2,'prices','Создана запись с полями 100','2023-12-06 11:21:57'),(329,1,3,'clothoperations','Обновлена запись с полями 31','2023-12-06 11:21:57'),(330,1,2,'persons','Пользователь авторизовался','2023-12-06 11:24:43'),(331,1,3,'operations','Обновлена запись с полями  ','2023-12-06 11:26:36'),(332,1,2,'persons','Пользователь авторизовался','2023-12-06 11:27:17'),(333,1,2,'persons','Пользователь авторизовался','2023-12-06 11:28:19'),(334,1,2,'persons','Пользователь авторизовался','2023-12-06 11:29:41'),(335,1,2,'persons','Пользователь авторизовался','2023-12-06 11:30:13'),(336,1,2,'persons','Пользователь авторизовался','2023-12-06 11:30:46'),(337,1,2,'prices','Создана запись с полями 100','2023-12-06 11:37:06'),(338,1,3,'clothoperations','Обновлена запись с полями 31','2023-12-06 11:37:06'),(339,1,2,'persons','Пользователь авторизовался','2023-12-06 12:05:59'),(340,1,2,'persons','Пользователь авторизовался','2023-12-11 06:12:11'),(341,1,2,'persons','Пользователь авторизовался','2023-12-18 05:33:20'),(342,1,2,'persons','Пользователь авторизовался','2023-12-20 11:32:47'),(343,1,2,'persons','Пользователь авторизовался','2023-12-20 11:34:34'),(344,1,2,'persons','Пользователь авторизовался','2023-12-20 11:34:43'),(345,1,2,'persons','Пользователь авторизовался','2023-12-20 11:36:07'),(346,1,2,'persons','Пользователь авторизовался','2023-12-20 11:37:55'),(347,1,2,'persons','Пользователь авторизовался','2023-12-20 11:38:08'),(348,1,2,'persons','Пользователь авторизовался','2023-12-20 11:39:39'),(349,1,2,'persons','Пользователь авторизовался','2023-12-20 12:59:56'),(350,1,2,'persons','Пользователь авторизовался','2023-12-20 13:01:10'),(351,1,2,'persons','Пользователь авторизовался','2023-12-20 13:03:18'),(352,1,2,'persons','Пользователь авторизовался','2023-12-20 13:05:17'),(353,1,2,'persons','Пользователь авторизовался','2023-12-20 13:06:06'),(354,1,2,'persons','Пользователь авторизовался','2023-12-20 13:08:03'),(355,1,2,'persons','Пользователь авторизовался','2023-12-20 13:09:28'),(356,1,2,'persons','Пользователь авторизовался','2023-12-20 13:10:34'),(357,1,2,'persons','Пользователь авторизовался','2023-12-20 13:21:35'),(358,1,2,'persons','Пользователь авторизовался','2023-12-20 13:23:35'),(359,1,2,'persons','Пользователь авторизовался','2023-12-20 13:28:41'),(360,1,2,'persons','Пользователь авторизовался','2023-12-20 13:29:41'),(361,1,2,'persons','Пользователь авторизовался','2023-12-20 13:31:22'),(362,1,2,'persons','Пользователь авторизовался','2023-12-21 05:21:32'),(363,1,2,'persons','Пользователь авторизовался','2023-12-21 05:22:37'),(364,1,2,'persons','Пользователь авторизовался','2023-12-21 05:23:02'),(365,1,2,'persons','Пользователь авторизовался','2023-12-21 05:24:50'),(366,1,2,'persons','Пользователь авторизовался','2023-12-21 09:11:43'),(367,1,2,'persons','Пользователь авторизовался','2023-12-21 09:36:17'),(368,1,2,'persons','Пользователь авторизовался','2023-12-21 09:37:50'),(369,1,2,'persons','Пользователь авторизовался','2023-12-21 09:38:24'),(370,1,2,'persons','Пользователь авторизовался','2023-12-21 10:30:23'),(371,1,2,'persons','Пользователь авторизовался','2023-12-21 10:31:39'),(372,1,2,'persons','Пользователь авторизовался','2023-12-21 10:34:07'),(373,1,2,'persons','Пользователь авторизовался','2023-12-21 10:35:37'),(374,1,2,'persons','Пользователь авторизовался','2023-12-21 10:40:08'),(375,1,2,'persons','Пользователь авторизовался','2023-12-21 10:41:10'),(376,1,2,'persons','Пользователь авторизовался','2023-12-21 13:34:31'),(377,1,2,'parties','Создана запись с полями 21.12','2023-12-21 13:35:33'),(378,1,2,'persons','Пользователь авторизовался','2023-12-21 18:48:29'),(379,1,2,'persons','Пользователь авторизовался','2023-12-21 18:51:42'),(380,1,2,'persons','Пользователь авторизовался','2023-12-21 19:00:05'),(381,1,2,'persons','Пользователь авторизовался','2023-12-21 19:00:29'),(382,1,3,'parties','Обновлена запись с полями 2023-12-01T00:00:00','2023-12-21 19:00:44'),(383,1,2,'persons','Пользователь авторизовался','2023-12-22 02:39:52'),(384,1,3,'operations','Обновлена запись с полями  ','2023-12-22 02:40:35'),(385,1,2,'persons','Пользователь авторизовался','2023-12-22 04:01:13'),(386,1,2,'persons','Пользователь авторизовался','2023-12-28 05:59:11'),(387,1,2,'persons','Пользователь авторизовался','2023-12-28 07:44:55'),(388,1,2,'persons','Пользователь авторизовался','2024-01-04 13:26:13'),(389,1,2,'persons','Пользователь авторизовался','2024-01-04 13:42:55'),(390,1,2,'persons','Пользователь авторизовался','2024-01-04 13:42:55'),(391,1,2,'persons','Пользователь авторизовался','2024-01-05 07:22:53'),(392,1,2,'persons','Пользователь авторизовался','2024-01-05 07:24:16'),(393,1,2,'persons','Пользователь авторизовался','2024-01-05 07:25:50'),(394,1,2,'persons','Пользователь авторизовался','2024-01-05 07:26:50'),(395,1,2,'persons','Пользователь авторизовался','2024-01-05 07:28:56'),(396,1,2,'persons','Пользователь авторизовался','2024-01-05 07:34:40'),(397,1,2,'persons','Пользователь авторизовался','2024-01-05 07:38:22'),(398,1,2,'persons','Пользователь авторизовался','2024-01-05 07:49:20'),(399,1,2,'persons','Пользователь авторизовался','2024-01-05 07:50:16'),(400,1,2,'persons','Пользователь авторизовался','2024-01-05 07:51:21'),(401,1,2,'persons','Пользователь авторизовался','2024-01-05 07:51:46'),(402,1,2,'persons','Пользователь авторизовался','2024-01-05 07:52:38'),(403,1,2,'persons','Пользователь авторизовался','2024-01-05 07:54:16'),(404,1,2,'persons','Пользователь авторизовался','2024-01-05 08:00:28'),(405,1,2,'persons','Пользователь авторизовался','2024-01-05 08:01:08'),(406,1,2,'persons','Пользователь авторизовался','2024-01-05 08:02:14'),(407,1,2,'persons','Пользователь авторизовался','2024-01-05 08:05:39'),(408,1,2,'persons','Пользователь авторизовался','2024-01-05 08:05:39'),(409,1,2,'persons','Пользователь авторизовался','2024-01-05 08:10:23'),(410,1,2,'persons','Пользователь авторизовался','2024-01-05 08:23:10'),(411,1,2,'persons','Пользователь авторизовался','2024-01-05 12:10:17'),(412,1,2,'persons','Пользователь авторизовался','2024-01-05 12:10:59'),(413,1,2,'persons','Пользователь авторизовался','2024-01-05 12:12:11'),(414,1,2,'persons','Пользователь авторизовался','2024-01-05 12:12:56'),(415,1,2,'persons','Пользователь авторизовался','2024-01-05 12:14:30'),(416,1,2,'persons','Пользователь авторизовался','2024-01-05 12:17:04'),(417,1,2,'persons','Пользователь авторизовался','2024-01-05 12:20:26'),(418,1,2,'persons','Пользователь авторизовался','2024-01-05 12:24:20'),(419,1,2,'persons','Пользователь авторизовался','2024-01-05 12:25:00'),(420,1,2,'persons','Пользователь авторизовался','2024-01-05 12:28:40'),(421,1,2,'persons','Пользователь авторизовался','2024-01-05 12:39:31'),(422,1,2,'persons','Пользователь авторизовался','2024-01-05 12:40:52'),(423,1,2,'persons','Пользователь авторизовался','2024-01-05 12:44:35'),(424,1,2,'persons','Пользователь авторизовался','2024-01-05 12:47:47'),(425,1,2,'persons','Пользователь авторизовался','2024-01-05 12:57:52'),(426,1,2,'persons','Пользователь авторизовался','2024-01-05 13:04:14'),(427,1,2,'persons','Пользователь авторизовался','2024-01-05 13:07:04'),(428,1,2,'persons','Пользователь авторизовался','2024-01-05 13:07:54'),(429,1,2,'persons','Пользователь авторизовался','2024-01-05 13:09:46'),(430,1,2,'persons','Пользователь авторизовался','2024-01-05 13:13:05'),(431,1,2,'persons','Пользователь авторизовался','2024-01-05 13:22:03'),(432,1,2,'persons','Пользователь авторизовался','2024-01-05 13:31:41'),(433,1,2,'persons','Пользователь авторизовался','2024-01-06 13:26:11'),(434,1,2,'persons','Пользователь авторизовался','2024-01-06 13:42:37'),(435,1,2,'persons','Пользователь авторизовался','2024-01-06 13:45:02'),(436,1,2,'persons','Пользователь авторизовался','2024-01-06 13:45:47'),(437,1,2,'persons','Пользователь авторизовался','2024-01-06 13:46:51'),(438,1,2,'persons','Пользователь авторизовался','2024-01-07 08:37:31'),(439,1,2,'persons','Пользователь авторизовался','2024-01-07 08:42:08'),(440,1,2,'persons','Пользователь авторизовался','2024-01-07 12:58:37'),(441,1,2,'persons','Пользователь авторизовался','2024-01-07 12:59:59'),(442,1,2,'persons','Пользователь авторизовался','2024-01-07 13:01:45'),(443,1,2,'persons','Пользователь авторизовался','2024-01-07 13:04:32'),(444,1,2,'persons','Пользователь авторизовался','2024-01-07 13:06:10'),(445,1,2,'packages','Добавлен список из 3 записей','2024-01-07 13:06:48'),(446,1,2,'persons','Пользователь авторизовался','2024-01-08 15:17:35'),(447,1,2,'persons','Пользователь авторизовался','2024-01-08 16:40:17'),(448,1,2,'persons','Пользователь авторизовался','2024-01-08 16:40:59'),(449,1,2,'persons','Пользователь авторизовался','2024-01-09 03:12:08'),(450,1,2,'persons','Пользователь авторизовался','2024-01-09 03:17:26'),(451,1,2,'persons','Пользователь авторизовался','2024-01-09 04:22:38'),(452,1,2,'persons','Пользователь авторизовался','2024-01-09 04:25:02'),(453,1,2,'persons','Пользователь авторизовался','2024-01-09 04:27:13'),(454,1,2,'persons','Пользователь авторизовался','2024-01-09 04:29:13'),(455,1,2,'persons','Пользователь авторизовался','2024-01-09 04:29:38'),(456,1,2,'persons','Пользователь авторизовался','2024-01-09 04:31:41'),(457,1,2,'persons','Пользователь авторизовался','2024-01-09 04:32:50'),(458,1,2,'persons','Пользователь авторизовался','2024-01-09 05:16:02'),(459,1,2,'persons','Пользователь авторизовался','2024-01-09 05:18:17'),(460,1,2,'persons','Пользователь авторизовался','2024-01-09 05:19:42'),(461,1,2,'persons','Пользователь авторизовался','2024-01-09 05:20:43'),(462,1,2,'persons','Пользователь авторизовался','2024-01-09 05:22:33'),(463,1,2,'persons','Пользователь авторизовался','2024-01-09 05:24:27'),(464,1,2,'persons','Пользователь авторизовался','2024-01-09 05:26:15'),(465,1,2,'persons','Пользователь авторизовался','2024-01-09 05:27:13'),(466,1,2,'persons','Пользователь авторизовался','2024-01-09 05:28:02'),(467,1,2,'parties','Создана запись с полями 1.01','2024-01-09 05:29:33'),(468,1,2,'packages','Добавлен список из 3 записей','2024-01-09 05:29:33'),(469,1,2,'prices','Создана запись с полями 240','2024-01-09 05:29:33'),(470,1,2,'clothoperations','Создана запись с полями 51','2024-01-09 05:29:34'),(471,1,2,'prices','Создана запись с полями 240','2024-01-09 05:29:34'),(472,1,2,'clothoperations','Создана запись с полями 51','2024-01-09 05:29:34'),(473,1,2,'prices','Создана запись с полями 240','2024-01-09 05:29:34'),(474,1,2,'clothoperations','Создана запись с полями 52','2024-01-09 05:29:35'),(475,1,2,'prices','Создана запись с полями 240','2024-01-09 05:29:35'),(476,1,2,'clothoperations','Создана запись с полями 52','2024-01-09 05:29:35'),(477,1,2,'prices','Создана запись с полями 240','2024-01-09 05:29:35'),(478,1,2,'clothoperations','Создана запись с полями 53','2024-01-09 05:29:35'),(479,1,2,'prices','Создана запись с полями 240','2024-01-09 05:29:36'),(480,1,2,'clothoperations','Создана запись с полями 53','2024-01-09 05:29:36'),(481,1,2,'clothoperationspersons','Создана запись с полями 1','2024-01-09 05:30:14'),(482,1,3,'clothoperationspersons','Обновлена запись с полями 1','2024-01-09 05:30:18'),(483,1,2,'prices','Создана запись с полями 240','2024-01-09 05:30:22'),(484,1,3,'clothoperations','Обновлена запись с полями 51','2024-01-09 05:30:22'),(485,1,2,'persons','Пользователь авторизовался','2024-01-09 05:31:49'),(486,1,2,'persons','Пользователь авторизовался','2024-01-09 05:40:03'),(487,1,2,'persons','Пользователь авторизовался','2024-01-09 05:40:53'),(488,1,2,'persons','Пользователь авторизовался','2024-01-09 05:41:20'),(489,1,2,'persons','Пользователь авторизовался','2024-01-09 05:42:08'),(490,1,2,'persons','Пользователь авторизовался','2024-01-09 05:49:45'),(491,1,2,'persons','Пользователь авторизовался','2024-01-09 05:50:24'),(492,1,2,'persons','Пользователь авторизовался','2024-01-09 14:32:07'),(493,1,2,'persons','Пользователь авторизовался','2024-01-09 14:33:07'),(494,1,2,'persons','Пользователь авторизовался','2024-01-09 14:35:15'),(495,1,2,'persons','Пользователь авторизовался','2024-01-09 14:37:45'),(496,1,2,'persons','Пользователь авторизовался','2024-01-10 08:22:52'),(497,1,2,'persons','Пользователь авторизовался','2024-01-10 09:12:47'),(498,1,2,'persons','Пользователь авторизовался','2024-01-10 10:59:23'),(499,1,2,'persons','Пользователь авторизовался','2024-01-10 11:01:51'),(500,1,2,'persons','Пользователь авторизовался','2024-01-10 11:02:24'),(501,1,2,'persons','Пользователь авторизовался','2024-01-10 11:04:51'),(502,1,2,'persons','Пользователь авторизовался','2024-01-10 11:05:47'),(503,1,2,'persons','Пользователь авторизовался','2024-01-22 12:41:30'),(504,1,2,'persons','Пользователь авторизовался','2024-01-22 12:42:02'),(505,1,2,'persons','Пользователь авторизовался','2024-01-22 12:45:56'),(506,1,2,'persons','Пользователь авторизовался','2024-01-22 12:49:46'),(507,1,2,'persons','Пользователь авторизовался','2024-01-22 13:03:50'),(508,1,2,'prices','Создана запись с полями 240','2024-01-22 13:11:11'),(509,1,2,'clothoperations','Создана запись с полями 53','2024-01-22 13:11:11'),(510,1,2,'models','Создана запись с полями Модель','2024-01-22 13:15:36'),(511,1,2,'modeloperations','Создана запись с полями 6 3 1','2024-01-22 13:15:37'),(512,1,2,'modeloperations','Создана запись с полями 7 3 2','2024-01-22 13:15:37'),(513,1,2,'modeloperations','Создана запись с полями 8 3 4','2024-01-22 13:15:37'),(514,1,2,'prices','Создана запись с полями 231','2024-01-22 13:15:37'),(515,1,2,'modelprices','Создана запись с полями 3 89','2024-01-22 13:15:37'),(516,1,2,'prices','Создана запись с полями 500','2024-01-22 13:17:47'),(517,1,2,'modelprices','Создана запись с полями 3 90','2024-01-22 13:17:47'),(518,1,2,'parties','Создана запись с полями 1.01','2024-01-22 13:29:54'),(519,1,3,'packages','Обновлена запись с полями 53','2024-01-22 13:34:31'),(520,1,3,'packages','Обновлена запись с полями 51','2024-01-22 13:39:11'),(521,1,3,'packages','Обновлена запись с полями 51','2024-01-22 13:39:58'),(522,1,2,'clothoperationspersons','Создана запись с полями 3','2024-01-22 13:43:56'),(523,1,3,'clothoperationspersons','Обновлена запись с полями 3','2024-01-22 13:44:10'),(524,1,2,'clothoperationspersons','Создана запись с полями 2','2024-01-22 13:44:20'),(525,1,3,'clothoperationspersons','Обновлена запись с полями 2','2024-01-22 13:44:26'),(526,1,2,'prices','Создана запись с полями 240','2024-01-22 13:44:34'),(527,1,3,'clothoperations','Обновлена запись с полями 51','2024-01-22 13:44:34'),(528,1,3,'packages','Обновлена запись с полями 51','2024-01-22 13:44:55'),(529,1,2,'clothoperationspersons','Создана запись с полями 1','2024-01-22 13:53:22'),(530,1,3,'clothoperationspersons','Обновлена запись с полями 1','2024-01-22 13:53:26'),(531,1,2,'prices','Создана запись с полями 240','2024-01-22 13:53:30'),(532,1,3,'clothoperations','Обновлена запись с полями 52','2024-01-22 13:53:30'),(533,1,2,'clothoperationspersons','Создана запись с полями 1','2024-01-22 13:54:07'),(534,1,3,'clothoperationspersons','Обновлена запись с полями 1','2024-01-22 13:54:15'),(535,1,2,'persons','Пользователь авторизовался','2024-01-22 14:00:49'),(536,1,2,'packages','Добавлен список из 4 записей','2024-01-22 14:02:03'),(537,1,2,'persons','Пользователь авторизовался','2024-01-22 14:02:21'),(538,1,2,'packages','Добавлен список из 3 записей','2024-01-22 14:03:04'),(539,1,2,'persons','Пользователь авторизовался','2024-01-22 14:14:53'),(540,1,2,'persons','Пользователь авторизовался','2024-01-31 15:45:44'),(541,1,2,'persons','Пользователь авторизовался','2024-02-03 10:35:54'),(542,1,2,'persons','Пользователь авторизовался','2024-02-03 10:39:44'),(543,1,2,'persons','Пользователь авторизовался','2024-02-03 10:42:55'),(544,1,2,'persons','Пользователь авторизовался','2024-02-03 10:44:01'),(545,1,2,'persons','Пользователь авторизовался','2024-02-03 12:24:43'),(546,1,2,'persons','Пользователь авторизовался','2024-02-03 12:38:02'),(547,1,2,'persons','Пользователь авторизовался','2024-02-03 12:39:44'),(548,1,2,'persons','Пользователь авторизовался','2024-02-03 12:40:18'),(549,1,2,'persons','Пользователь авторизовался','2024-02-03 12:41:20'),(550,1,2,'persons','Пользователь авторизовался','2024-02-03 12:54:46'),(551,1,2,'persons','Пользователь авторизовался','2024-02-03 12:56:05'),(552,1,2,'persons','Пользователь авторизовался','2024-02-03 13:03:00'),(553,1,2,'persons','Пользователь авторизовался','2024-02-03 13:14:04'),(554,1,2,'persons','Пользователь авторизовался','2024-02-03 14:07:20'),(555,1,2,'persons','Пользователь авторизовался','2024-02-03 14:08:19'),(556,1,2,'persons','Пользователь авторизовался','2024-02-03 14:10:04'),(557,1,2,'persons','Пользователь авторизовался','2024-02-03 14:11:30'),(558,1,2,'persons','Пользователь авторизовался','2024-02-03 14:14:07'),(559,1,2,'persons','Пользователь авторизовался','2024-02-03 14:14:48'),(560,1,2,'persons','Пользователь авторизовался','2024-02-03 14:22:20'),(561,1,2,'persons','Пользователь авторизовался','2024-02-03 14:23:03'),(562,1,2,'persons','Пользователь авторизовался','2024-02-03 14:23:52'),(563,1,2,'persons','Пользователь авторизовался','2024-02-03 14:26:26'),(564,1,2,'persons','Пользователь авторизовался','2024-02-03 14:28:31'),(565,1,2,'persons','Пользователь авторизовался','2024-02-03 14:33:36'),(566,1,2,'persons','Пользователь авторизовался','2024-02-03 14:34:28'),(567,1,2,'persons','Пользователь авторизовался','2024-02-03 14:57:07'),(568,1,2,'persons','Пользователь авторизовался','2024-02-03 18:07:42'),(569,1,2,'persons','Пользователь авторизовался','2024-02-04 06:52:36'),(570,1,2,'persons','Пользователь авторизовался','2024-02-04 11:53:03'),(571,1,2,'persons','Пользователь авторизовался','2024-02-04 12:14:23'),(572,1,2,'packages','Добавлен список из 2 записей','2024-02-04 12:14:38'),(573,1,2,'prices','Создана запись с полями 240','2024-02-04 12:14:38'),(574,1,2,'prices','Создана запись с полями 240','2024-02-04 12:14:39'),(575,1,2,'prices','Создана запись с полями 240','2024-02-04 12:14:39'),(576,1,2,'prices','Создана запись с полями 240','2024-02-04 12:14:39'),(577,1,2,'persons','Пользователь авторизовался','2024-02-04 12:16:49'),(578,1,2,'packages','Добавлен список из 2 записей','2024-02-04 12:17:01'),(579,1,2,'prices','Создана запись с полями 240','2024-02-04 12:17:02'),(580,1,2,'prices','Создана запись с полями 240','2024-02-04 12:17:02'),(581,1,2,'prices','Создана запись с полями 240','2024-02-04 12:17:02'),(582,1,2,'prices','Создана запись с полями 240','2024-02-04 12:17:02'),(583,1,2,'clothoperations','Создана запись с полями 63','2024-02-04 12:17:02'),(584,1,2,'clothoperations','Создана запись с полями 63','2024-02-04 12:17:02'),(585,1,2,'clothoperations','Создана запись с полями 64','2024-02-04 12:17:02'),(586,1,2,'clothoperations','Создана запись с полями 64','2024-02-04 12:17:02'),(587,1,2,'persons','Пользователь авторизовался','2024-02-04 12:19:18'),(588,1,2,'parties','Создана запись с полями 1000.2','2024-02-04 12:19:43'),(589,1,2,'packages','Добавлен список из 3 записей','2024-02-04 12:20:24'),(590,1,2,'prices','Создана запись с полями 4.6000000000000005','2024-02-04 12:20:24'),(591,1,2,'prices','Создана запись с полями 4.6000000000000005','2024-02-04 12:20:25'),(592,1,2,'prices','Создана запись с полями 0.5980000000000001','2024-02-04 12:20:25'),(593,1,2,'prices','Создана запись с полями 4.6000000000000005','2024-02-04 12:20:25'),(594,1,2,'prices','Создана запись с полями 4.6000000000000005','2024-02-04 12:20:25'),(595,1,2,'prices','Создана запись с полями 0.5980000000000001','2024-02-04 12:20:25'),(596,1,2,'prices','Создана запись с полями 4.6000000000000005','2024-02-04 12:20:25'),(597,1,2,'prices','Создана запись с полями 0.5980000000000001','2024-02-04 12:20:25'),(598,1,2,'prices','Создана запись с полями 4.6000000000000005','2024-02-04 12:20:25'),(599,1,2,'clothoperations','Создана запись с полями 65','2024-02-04 12:20:25'),(600,1,2,'clothoperations','Создана запись с полями 65','2024-02-04 12:20:25'),(601,1,2,'clothoperations','Создана запись с полями 65','2024-02-04 12:20:25'),(602,1,2,'clothoperations','Создана запись с полями 66','2024-02-04 12:20:26'),(603,1,2,'clothoperations','Создана запись с полями 66','2024-02-04 12:20:26'),(604,1,2,'clothoperations','Создана запись с полями 66','2024-02-04 12:20:26'),(605,1,2,'clothoperations','Создана запись с полями 67','2024-02-04 12:20:26'),(606,1,2,'clothoperations','Создана запись с полями 67','2024-02-04 12:20:26'),(607,1,2,'clothoperations','Создана запись с полями 67','2024-02-04 12:20:26'),(608,1,2,'persons','Пользователь авторизовался','2024-02-04 15:15:58'),(609,1,2,'persons','Пользователь авторизовался','2024-02-04 15:16:37'),(610,1,2,'packages','Добавлен список из 2 записей','2024-02-04 15:17:10'),(611,1,2,'prices','Создана запись с полями 4.6','2024-02-04 15:17:10'),(612,1,2,'clothoperations','Создана запись с полями 68','2024-02-04 15:17:10'),(613,1,2,'prices','Создана запись с полями 4.6','2024-02-04 15:17:11'),(614,1,2,'clothoperations','Создана запись с полями 68','2024-02-04 15:17:11'),(615,1,2,'prices','Создана запись с полями 0.5980000000000001','2024-02-04 15:17:11'),(616,1,2,'clothoperations','Создана запись с полями 68','2024-02-04 15:17:11'),(617,1,2,'prices','Создана запись с полями 4.6','2024-02-04 15:17:11'),(618,1,2,'clothoperations','Создана запись с полями 69','2024-02-04 15:17:12'),(619,1,2,'prices','Создана запись с полями 4.6','2024-02-04 15:17:12'),(620,1,2,'clothoperations','Создана запись с полями 69','2024-02-04 15:17:12'),(621,1,2,'prices','Создана запись с полями 0.5980000000000001','2024-02-04 15:17:12'),(622,1,2,'clothoperations','Создана запись с полями 69','2024-02-04 15:17:12'),(623,1,2,'persons','Пользователь авторизовался','2024-02-04 15:25:54'),(624,1,2,'clothoperationspersons','Создана запись с полями 2','2024-02-04 15:26:27'),(625,1,3,'clothoperationspersons','Обновлена запись с полями 2','2024-02-04 15:26:31'),(626,1,2,'persons','Пользователь авторизовался','2024-02-04 15:28:11'),(627,1,2,'persons','Пользователь авторизовался','2024-02-04 15:29:33'),(628,1,2,'persons','Пользователь авторизовался','2024-02-04 15:30:06'),(629,1,2,'persons','Пользователь авторизовался','2024-02-04 15:34:55'),(630,1,2,'persons','Пользователь авторизовался','2024-02-04 15:35:54'),(631,1,2,'persons','Пользователь авторизовался','2024-02-04 15:37:16'),(632,1,2,'persons','Пользователь авторизовался','2024-02-04 15:43:38'),(633,1,2,'persons','Пользователь авторизовался','2024-02-05 13:04:11'),(634,1,2,'packages','Добавлен список из 3 записей','2024-02-05 13:04:50'),(635,1,2,'prices','Создана запись с полями 4.6','2024-02-05 13:04:50'),(636,1,2,'clothoperations','Создана запись с полями 70','2024-02-05 13:04:50'),(637,1,2,'prices','Создана запись с полями 4.6','2024-02-05 13:04:50'),(638,1,2,'clothoperations','Создана запись с полями 70','2024-02-05 13:04:51'),(639,1,2,'prices','Создана запись с полями 0.5980000000000001','2024-02-05 13:04:51'),(640,1,2,'clothoperations','Создана запись с полями 70','2024-02-05 13:04:51'),(641,1,2,'prices','Создана запись с полями 4.6','2024-02-05 13:04:51'),(642,1,2,'clothoperations','Создана запись с полями 71','2024-02-05 13:04:51'),(643,1,2,'prices','Создана запись с полями 4.6','2024-02-05 13:04:52'),(644,1,2,'clothoperations','Создана запись с полями 71','2024-02-05 13:04:52'),(645,1,2,'prices','Создана запись с полями 0.5980000000000001','2024-02-05 13:04:52'),(646,1,2,'clothoperations','Создана запись с полями 71','2024-02-05 13:04:52'),(647,1,2,'prices','Создана запись с полями 4.6','2024-02-05 13:04:52'),(648,1,2,'clothoperations','Создана запись с полями 72','2024-02-05 13:04:53'),(649,1,2,'prices','Создана запись с полями 4.6','2024-02-05 13:04:53'),(650,1,2,'clothoperations','Создана запись с полями 72','2024-02-05 13:04:53'),(651,1,2,'prices','Создана запись с полями 0.5980000000000001','2024-02-05 13:04:53'),(652,1,2,'clothoperations','Создана запись с полями 72','2024-02-05 13:04:53'),(653,1,2,'persons','Пользователь авторизовался','2024-02-05 13:08:30'),(654,1,2,'packages','Добавлен список из 2 записей','2024-02-05 13:10:10'),(655,1,2,'prices','Создана запись с полями 4.6000000000000005','2024-02-05 13:10:11'),(656,1,2,'prices','Создана запись с полями 4.6000000000000005','2024-02-05 13:10:11'),(657,1,2,'prices','Создана запись с полями 0.5980000000000001','2024-02-05 13:10:11'),(658,1,2,'prices','Создана запись с полями 4.6000000000000005','2024-02-05 13:10:11'),(659,1,2,'prices','Создана запись с полями 0.5980000000000001','2024-02-05 13:10:11'),(660,1,2,'prices','Создана запись с полями 4.6000000000000005','2024-02-05 13:10:11'),(661,1,2,'clothoperations','Создана запись с полями 73','2024-02-05 13:10:11'),(662,1,2,'clothoperations','Создана запись с полями 73','2024-02-05 13:10:12'),(663,1,2,'clothoperations','Создана запись с полями 74','2024-02-05 13:10:12'),(664,1,2,'clothoperations','Создана запись с полями 73','2024-02-05 13:10:12'),(665,1,2,'clothoperations','Создана запись с полями 74','2024-02-05 13:10:12'),(666,1,2,'clothoperations','Создана запись с полями 74','2024-02-05 13:10:13'),(667,1,2,'persons','Пользователь авторизовался','2024-02-05 13:12:02'),(668,1,2,'persons','Пользователь авторизовался','2024-02-05 13:14:23'),(669,1,2,'persons','Пользователь авторизовался','2024-02-07 16:32:37'),(670,1,2,'persons','Пользователь авторизовался','2024-02-07 16:36:36'),(671,1,2,'persons','Пользователь авторизовался','2024-02-07 16:37:20'),(672,1,2,'persons','Пользователь авторизовался','2024-02-07 16:38:12'),(673,1,2,'persons','Пользователь авторизовался','2024-02-07 16:38:42'),(674,1,2,'persons','Пользователь авторизовался','2024-02-07 16:40:12'),(675,1,2,'persons','Пользователь авторизовался','2024-02-07 16:40:52'),(676,1,2,'persons','Пользователь авторизовался','2024-02-07 16:41:31'),(677,1,2,'persons','Пользователь авторизовался','2024-02-07 16:43:02'),(678,1,2,'persons','Пользователь авторизовался','2024-02-07 16:43:42'),(679,1,2,'persons','Пользователь авторизовался','2024-02-07 17:15:28'),(680,1,2,'persons','Пользователь авторизовался','2024-02-12 07:45:23'),(681,1,2,'persons','Пользователь авторизовался','2024-02-13 02:57:15'),(682,1,2,'persons','Пользователь авторизовался','2024-02-13 03:02:42'),(683,1,2,'persons','Пользователь авторизовался','2024-02-13 03:38:31'),(684,1,2,'parties','Создана запись с полями 22.21','2024-02-13 03:39:43'),(685,1,2,'packages','Добавлен список из 2 записей','2024-02-13 03:39:44'),(686,1,2,'prices','Создана запись с полями 46.2','2024-02-13 03:39:44'),(687,1,2,'clothoperations','Создана запись с полями 75','2024-02-13 03:39:44'),(688,1,2,'prices','Создана запись с полями 46.2','2024-02-13 03:39:44'),(689,1,2,'clothoperations','Создана запись с полями 75','2024-02-13 03:39:45'),(690,1,2,'prices','Создана запись с полями 46.2','2024-02-13 03:39:45'),(691,1,2,'clothoperations','Создана запись с полями 75','2024-02-13 03:39:45'),(692,1,2,'prices','Создана запись с полями 46.2','2024-02-13 03:39:45'),(693,1,2,'clothoperations','Создана запись с полями 76','2024-02-13 03:39:46'),(694,1,2,'prices','Создана запись с полями 46.2','2024-02-13 03:39:46'),(695,1,2,'clothoperations','Создана запись с полями 76','2024-02-13 03:39:46'),(696,1,2,'prices','Создана запись с полями 46.2','2024-02-13 03:39:46'),(697,1,2,'clothoperations','Создана запись с полями 76','2024-02-13 03:39:47'),(698,1,2,'persons','Пользователь авторизовался','2024-02-13 03:40:13'),(699,1,2,'packages','Добавлен список из 2 записей','2024-02-13 03:43:06'),(700,1,2,'prices','Создана запись с полями 46.2','2024-02-13 03:43:06'),(701,1,2,'prices','Создана запись с полями 46.2','2024-02-13 03:43:06'),(702,1,2,'prices','Создана запись с полями 46.2','2024-02-13 03:43:06'),(703,1,2,'prices','Создана запись с полями 46.2','2024-02-13 03:43:06'),(704,1,2,'prices','Создана запись с полями 46.2','2024-02-13 03:43:06'),(705,1,2,'prices','Создана запись с полями 46.2','2024-02-13 03:43:06'),(706,1,2,'clothoperations','Создана запись с полями 77','2024-02-13 03:43:07'),(707,1,2,'clothoperations','Создана запись с полями 78','2024-02-13 03:43:07'),(708,1,2,'clothoperations','Создана запись с полями 77','2024-02-13 03:43:07'),(709,1,2,'clothoperations','Создана запись с полями 78','2024-02-13 03:43:07'),(710,1,2,'clothoperations','Создана запись с полями 78','2024-02-13 03:43:07'),(711,1,2,'clothoperations','Создана запись с полями 77','2024-02-13 03:43:07'),(712,1,2,'persons','Пользователь авторизовался','2024-02-13 03:44:24'),(713,1,2,'persons','Пользователь авторизовался','2024-02-13 03:45:31'),(714,1,2,'prices','Создана запись с полями 4.6','2024-02-13 03:46:23'),(715,1,3,'clothoperations','Обновлена запись с полями 65','2024-02-13 03:46:23'),(716,1,2,'persons','Пользователь авторизовался','2024-02-13 03:47:21'),(717,1,2,'packages','Добавлен список из 5 записей','2024-02-13 03:49:03'),(718,1,2,'prices','Создана запись с полями 46.2','2024-02-13 03:49:04'),(719,1,2,'prices','Создана запись с полями 46.2','2024-02-13 03:49:04'),(720,1,2,'prices','Создана запись с полями 46.2','2024-02-13 03:49:04'),(721,1,2,'prices','Создана запись с полями 46.2','2024-02-13 03:49:04'),(722,1,2,'prices','Создана запись с полями 46.2','2024-02-13 03:49:04'),(723,1,2,'prices','Создана запись с полями 46.2','2024-02-13 03:49:04'),(724,1,2,'prices','Создана запись с полями 46.2','2024-02-13 03:49:04'),(725,1,2,'clothoperations','Создана запись с полями 79','2024-02-13 03:49:04'),(726,1,2,'prices','Создана запись с полями 46.2','2024-02-13 03:49:04'),(727,1,2,'prices','Создана запись с полями 46.2','2024-02-13 03:49:04'),(728,1,2,'prices','Создана запись с полями 46.2','2024-02-13 03:49:04'),(729,1,2,'prices','Создана запись с полями 46.2','2024-02-13 03:49:04'),(730,1,2,'clothoperations','Создана запись с полями 79','2024-02-13 03:49:04'),(731,1,2,'prices','Создана запись с полями 46.2','2024-02-13 03:49:04'),(732,1,2,'prices','Создана запись с полями 46.2','2024-02-13 03:49:04'),(733,1,2,'prices','Создана запись с полями 46.2','2024-02-13 03:49:04'),(734,1,2,'prices','Создана запись с полями 46.2','2024-02-13 03:49:04'),(735,1,2,'clothoperations','Создана запись с полями 80','2024-02-13 03:49:04'),(736,1,2,'clothoperations','Создана запись с полями 80','2024-02-13 03:49:04'),(737,1,2,'clothoperations','Создана запись с полями 80','2024-02-13 03:49:05'),(738,1,2,'clothoperations','Создана запись с полями 79','2024-02-13 03:49:05'),(739,1,2,'clothoperations','Создана запись с полями 81','2024-02-13 03:49:05'),(740,1,2,'clothoperations','Создана запись с полями 81','2024-02-13 03:49:05'),(741,1,2,'clothoperations','Создана запись с полями 82','2024-02-13 03:49:05'),(742,1,2,'clothoperations','Создана запись с полями 82','2024-02-13 03:49:05'),(743,1,2,'clothoperations','Создана запись с полями 83','2024-02-13 03:49:05'),(744,1,2,'clothoperations','Создана запись с полями 83','2024-02-13 03:49:05'),(745,1,2,'clothoperations','Создана запись с полями 82','2024-02-13 03:49:05'),(746,1,2,'clothoperations','Создана запись с полями 83','2024-02-13 03:49:05'),(747,1,2,'clothoperations','Создана запись с полями 81','2024-02-13 03:49:05'),(748,1,2,'persons','Пользователь авторизовался','2024-02-18 17:47:42'),(749,1,2,'persons','Пользователь авторизовался','2024-02-19 17:34:10'),(750,1,2,'persons','Пользователь авторизовался','2024-02-19 17:35:39'),(751,1,2,'persons','Пользователь авторизовался','2024-02-19 17:36:37'),(752,1,2,'persons','Пользователь авторизовался','2024-02-19 17:38:12'),(753,1,2,'persons','Пользователь авторизовался','2024-02-19 17:39:25'),(754,1,2,'persons','Пользователь авторизовался','2024-02-19 17:41:13'),(755,1,2,'persons','Пользователь авторизовался','2024-02-19 17:43:31'),(756,1,2,'persons','Пользователь авторизовался','2024-02-19 17:46:12'),(757,1,2,'persons','Пользователь авторизовался','2024-02-19 17:46:47'),(758,1,2,'persons','Пользователь авторизовался','2024-02-19 17:55:54'),(759,1,2,'persons','Пользователь авторизовался','2024-02-19 17:58:21'),(760,1,2,'persons','Пользователь авторизовался','2024-02-21 13:51:24'),(761,1,2,'persons','Пользователь авторизовался','2024-02-21 13:54:30'),(762,1,2,'persons','Пользователь авторизовался','2024-02-21 14:34:13'),(763,1,2,'persons','Пользователь авторизовался','2024-02-21 14:43:09'),(764,1,2,'persons','Пользователь авторизовался','2024-02-21 14:47:37'),(765,1,2,'persons','Пользователь авторизовался','2024-02-21 14:50:54'),(766,1,2,'persons','Пользователь авторизовался','2024-02-21 14:59:29'),(767,1,2,'persons','Пользователь авторизовался','2024-02-21 15:01:13'),(768,1,2,'persons','Пользователь авторизовался','2024-02-21 15:02:22'),(769,1,2,'persons','Пользователь авторизовался','2024-02-21 15:04:53'),(770,1,2,'persons','Пользователь авторизовался','2024-02-21 15:05:29'),(771,1,2,'persons','Пользователь авторизовался','2024-02-21 15:07:50'),(772,1,2,'persons','Пользователь авторизовался','2024-02-21 15:10:52'),(773,1,2,'persons','Пользователь авторизовался','2024-02-21 15:11:52'),(774,1,2,'persons','Пользователь авторизовался','2024-02-21 15:14:09'),(775,1,2,'persons','Пользователь авторизовался','2024-02-21 15:14:44'),(776,1,2,'persons','Пользователь авторизовался','2024-02-21 15:16:03'),(777,1,2,'persons','Пользователь авторизовался','2024-02-21 15:17:17'),(778,1,2,'persons','Пользователь авторизовался','2024-02-21 15:17:44'),(779,1,2,'persons','Пользователь авторизовался','2024-02-21 15:19:41'),(780,1,2,'persons','Пользователь авторизовался','2024-02-21 15:20:40'),(781,1,2,'persons','Пользователь авторизовался','2024-02-26 08:28:47'),(782,1,2,'persons','Пользователь авторизовался','2024-02-26 08:29:20'),(783,1,2,'persons','Пользователь авторизовался','2024-02-28 01:48:38'),(784,1,2,'persons','Пользователь авторизовался','2024-03-03 03:07:12'),(785,1,2,'persons','Пользователь авторизовался','2024-03-03 03:25:47'),(786,1,2,'persons','Пользователь авторизовался','2024-03-03 03:26:28'),(787,1,2,'persons','Пользователь авторизовался','2024-03-04 04:39:55'),(788,1,2,'parties','Создана запись с полями 211','2024-03-04 04:40:19'),(789,1,2,'packages','Добавлен список из 1 записей','2024-03-04 04:40:20'),(790,1,2,'prices','Создана запись с полями 100','2024-03-04 04:40:20'),(791,1,2,'persons','Пользователь авторизовался','2024-03-04 04:42:22'),(792,1,2,'parties','Создана запись с полями 1111','2024-03-04 04:43:24'),(793,1,2,'packages','Добавлен список из 3 записей','2024-03-04 04:43:24'),(794,1,2,'prices','Создана запись с полями 100','2024-03-04 04:43:53'),(795,1,2,'persons','Пользователь авторизовался','2024-03-04 04:45:43'),(796,1,4,'packages','Удалена запись с id = 87','2024-03-04 04:45:47'),(797,1,4,'packages','Удалена запись с id = 86','2024-03-04 04:45:50'),(798,1,4,'packages','Удалена запись с id = 85','2024-03-04 04:45:53'),(799,1,4,'packages','Удалена запись с id = 84','2024-03-04 04:45:55'),(800,1,2,'parties','Создана запись с полями 1/11','2024-03-04 04:46:20'),(801,1,2,'packages','Добавлен список из 2 записей','2024-03-04 04:46:21'),(802,1,2,'prices','Создана запись с полями 100','2024-03-04 04:46:21'),(803,1,2,'clothoperations','Создана запись с полями 88','2024-03-04 04:46:21'),(804,1,2,'prices','Создана запись с полями 100','2024-03-04 04:46:21'),(805,1,2,'clothoperations','Создана запись с полями 88','2024-03-04 04:46:21'),(806,1,2,'prices','Создана запись с полями 13','2024-03-04 04:46:22'),(807,1,2,'clothoperations','Создана запись с полями 88','2024-03-04 04:46:22'),(808,1,2,'prices','Создана запись с полями 100','2024-03-04 04:46:22'),(809,1,2,'clothoperations','Создана запись с полями 89','2024-03-04 04:46:22'),(810,1,2,'prices','Создана запись с полями 100','2024-03-04 04:46:22'),(811,1,2,'clothoperations','Создана запись с полями 89','2024-03-04 04:46:23'),(812,1,2,'prices','Создана запись с полями 13','2024-03-04 04:46:23'),(813,1,2,'clothoperations','Создана запись с полями 89','2024-03-04 04:46:23'),(814,1,2,'clothoperationspersons','Создана запись с полями 3','2024-03-04 04:47:37'),(815,1,2,'prices','Создана запись с полями 100','2024-03-04 04:47:41'),(816,1,2,'persons','Пользователь авторизовался','2024-03-04 04:48:25'),(817,1,2,'prices','Создана запись с полями 100','2024-03-04 04:49:11'),(818,1,3,'clothoperations','Обновлена запись с полями 88','2024-03-04 04:49:11'),(819,1,3,'clothoperationspersons','Обновлена запись с полями 3','2024-03-04 04:49:17'),(820,1,2,'prices','Создана запись с полями 100','2024-03-04 04:49:26'),(821,1,3,'clothoperations','Обновлена запись с полями 88','2024-03-04 04:49:26'),(822,1,2,'persons','Пользователь авторизовался','2024-03-04 04:51:02'),(823,1,4,'modeloperations','Удалена запись с id = 1','2024-03-04 04:51:21'),(824,1,4,'modeloperations','Удалена запись с id = 6','2024-03-04 04:51:45'),(825,1,4,'modeloperations','Удалена запись с id = 7','2024-03-04 04:51:47'),(826,1,4,'modeloperations','Удалена запись с id = 8','2024-03-04 04:51:50'),(827,1,2,'prices','Создана запись с полями 100','2024-03-04 04:52:51'),(828,1,3,'clothoperations','Обновлена запись с полями 88','2024-03-04 04:52:51'),(829,1,2,'persons','Пользователь авторизовался','2024-03-04 04:55:40'),(830,1,3,'packages','Обновлена запись с полями 88','2024-03-04 04:55:55'),(831,1,2,'persons','Пользователь авторизовался','2024-03-04 13:15:35'),(832,1,2,'persons','Пользователь авторизовался','2024-03-04 13:17:34'),(833,1,2,'persons','Пользователь авторизовался','2024-03-05 03:53:41'),(834,1,2,'persons','Пользователь авторизовался','2024-03-08 06:29:17'),(835,1,2,'persons','Пользователь авторизовался','2024-03-08 06:31:02'),(836,1,2,'persons','Пользователь авторизовался','2024-03-08 06:32:14'),(837,1,2,'persons','Пользователь авторизовался','2024-03-08 06:32:39'),(838,1,2,'persons','Пользователь авторизовался','2024-03-08 06:33:43'),(839,1,2,'persons','Пользователь авторизовался','2024-03-08 06:34:48'),(840,1,2,'persons','Пользователь авторизовался','2024-03-11 06:15:11'),(841,1,3,'models','Обновлена запись с полями Пижамные штаны тонкие','2024-03-11 06:16:13'),(842,1,3,'models','Обновлена запись с полями Боксеры муж','2024-03-11 06:17:34'),(843,1,3,'models','Обновлена запись с полями Футболка дет однотон','2024-03-11 06:18:38'),(844,1,2,'persons','Пользователь авторизовался','2024-03-11 06:19:37'),(845,1,2,'persons','Пользователь авторизовался','2024-03-11 06:21:19'),(846,1,3,'sizes','Обновлена запись с полями 1 42','2024-03-11 06:21:44'),(847,1,2,'persons','Пользователь авторизовался','2024-03-17 13:27:00'),(848,1,2,'persons','Пользователь авторизовался','2024-03-20 04:39:57'),(849,4,2,'persons','Пользователь авторизовался','2024-03-20 04:40:45'),(850,4,2,'persons','Пользователь авторизовался','2024-03-20 04:42:15'),(851,4,2,'persons','Пользователь авторизовался','2024-03-20 04:42:47'),(852,4,2,'persons','Пользователь авторизовался','2024-03-20 04:42:50'),(853,4,2,'persons','Пользователь авторизовался','2024-03-20 04:42:53'),(854,1,2,'persons','Пользователь авторизовался','2024-03-20 04:43:16'),(855,4,2,'persons','Пользователь авторизовался','2024-03-20 04:48:21'),(856,4,2,'persons','Пользователь авторизовался','2024-03-20 04:49:08'),(857,1,2,'persons','Пользователь авторизовался','2024-03-20 04:49:34'),(858,1,2,'persons','Пользователь авторизовался','2024-03-20 09:03:58'),(859,1,2,'persons','Пользователь авторизовался','2024-03-21 02:46:22'),(860,1,2,'persons','Пользователь авторизовался','2024-03-21 02:47:26'),(861,1,2,'persons','Пользователь авторизовался','2024-03-21 05:10:54'),(862,1,2,'persons','Пользователь авторизовался','2024-03-21 05:12:21'),(863,1,2,'persons','Пользователь авторизовался','2024-04-03 12:08:18'),(864,1,2,'persons','Пользователь авторизовался','2024-04-06 03:14:20'),(865,1,2,'sizes','Создана запись с полями 40-42','2024-04-06 03:16:11'),(866,1,2,'sizes','Создана запись с полями 42-44','2024-04-06 03:16:28'),(867,1,2,'sizes','Создана запись с полями 44-46','2024-04-06 03:16:59'),(868,1,2,'persons','Пользователь авторизовался','2024-04-06 03:18:25'),(869,1,2,'prices','Создана запись с полями 1200','2024-04-06 03:18:42'),(870,1,2,'modelprices','Создана запись с полями 1 171','2024-04-06 03:18:43'),(871,1,2,'prices','Создана запись с полями 1300','2024-04-06 03:18:48'),(872,1,2,'modelprices','Создана запись с полями 1 172','2024-04-06 03:18:48'),(873,1,2,'prices','Создана запись с полями 1000','2024-04-06 03:18:57'),(874,1,2,'modelprices','Создана запись с полями 3 173','2024-04-06 03:18:57'),(875,1,2,'prices','Создана запись с полями 2100','2024-04-06 03:19:03'),(876,1,2,'modelprices','Создана запись с полями 3 174','2024-04-06 03:19:03'),(877,1,2,'modeloperations','Создана запись с полями 9 3 1','2024-04-06 03:19:10'),(878,1,2,'modeloperations','Создана запись с полями 10 1 2','2024-04-06 03:19:14'),(879,1,2,'modeloperations','Создана запись с полями 13 3 2','2024-04-06 03:19:24'),(880,1,2,'modeloperations','Создана запись с полями 14 3 4','2024-04-06 03:19:28'),(881,1,2,'persons','Пользователь авторизовался','2024-04-06 08:24:41'),(882,1,2,'materials','Создана запись с полями Бархат','2024-04-06 08:25:38'),(883,1,2,'sizes','Создана запись с полями 23-24','2024-04-06 08:25:57'),(884,1,3,'clothoperations','Обновлена запись с полями Взрослые М','2024-04-06 08:26:17'),(885,1,4,'sizes','Удалена запись с id = 13','2024-04-06 08:26:27'),(886,1,2,'modeloperations','Создана запись с полями 15 3 3','2024-04-06 08:26:39'),(887,1,2,'parties','Создана запись с полями 4.11','2024-04-06 08:27:43'),(888,1,2,'packages','Добавлен список из 4 записей','2024-04-06 08:27:43'),(889,1,2,'prices','Создана запись с полями 200','2024-04-06 08:27:44'),(890,1,2,'clothoperations','Создана запись с полями 90','2024-04-06 08:27:44'),(891,1,2,'prices','Создана запись с полями 200','2024-04-06 08:27:44'),(892,1,2,'clothoperations','Создана запись с полями 90','2024-04-06 08:27:44'),(893,1,2,'prices','Создана запись с полями 200','2024-04-06 08:27:44'),(894,1,2,'clothoperations','Создана запись с полями 90','2024-04-06 08:27:45'),(895,1,2,'prices','Создана запись с полями 200','2024-04-06 08:27:45'),(896,1,2,'clothoperations','Создана запись с полями 90','2024-04-06 08:27:45'),(897,1,2,'prices','Создана запись с полями 200','2024-04-06 08:27:45'),(898,1,2,'clothoperations','Создана запись с полями 91','2024-04-06 08:27:45'),(899,1,2,'prices','Создана запись с полями 200','2024-04-06 08:27:46'),(900,1,2,'clothoperations','Создана запись с полями 91','2024-04-06 08:27:46'),(901,1,2,'prices','Создана запись с полями 200','2024-04-06 08:27:46'),(902,1,2,'clothoperations','Создана запись с полями 91','2024-04-06 08:27:46'),(903,1,2,'prices','Создана запись с полями 200','2024-04-06 08:27:46'),(904,1,2,'clothoperations','Создана запись с полями 91','2024-04-06 08:27:47'),(905,1,2,'prices','Создана запись с полями 200','2024-04-06 08:27:47'),(906,1,2,'clothoperations','Создана запись с полями 92','2024-04-06 08:27:47'),(907,1,2,'prices','Создана запись с полями 200','2024-04-06 08:27:47'),(908,1,2,'clothoperations','Создана запись с полями 92','2024-04-06 08:27:47'),(909,1,2,'prices','Создана запись с полями 200','2024-04-06 08:27:48'),(910,1,2,'clothoperations','Создана запись с полями 92','2024-04-06 08:27:48'),(911,1,2,'prices','Создана запись с полями 200','2024-04-06 08:27:48'),(912,1,2,'clothoperations','Создана запись с полями 92','2024-04-06 08:27:48'),(913,1,2,'prices','Создана запись с полями 200','2024-04-06 08:27:48'),(914,1,2,'clothoperations','Создана запись с полями 93','2024-04-06 08:27:49'),(915,1,2,'prices','Создана запись с полями 200','2024-04-06 08:27:49'),(916,1,2,'clothoperations','Создана запись с полями 93','2024-04-06 08:27:49'),(917,1,2,'prices','Создана запись с полями 200','2024-04-06 08:27:49'),(918,1,2,'clothoperations','Создана запись с полями 93','2024-04-06 08:27:49'),(919,1,2,'prices','Создана запись с полями 200','2024-04-06 08:27:50'),(920,1,2,'clothoperations','Создана запись с полями 93','2024-04-06 08:27:50'),(921,1,2,'clothoperationspersons','Создана запись с полями 1','2024-04-06 08:28:42'),(922,1,2,'clothoperationspersons','Создана запись с полями 4','2024-04-06 08:28:49'),(923,1,3,'clothoperationspersons','Обновлена запись с полями 1','2024-04-06 08:28:54'),(924,1,3,'clothoperations','Обновлена запись с полями 90','2024-04-06 08:28:54'),(925,1,3,'clothoperationspersons','Обновлена запись с полями 4','2024-04-06 08:29:03'),(926,1,3,'clothoperations','Обновлена запись с полями 90','2024-04-06 08:29:04'),(927,1,2,'prices','Создана запись с полями 26','2024-04-06 08:29:31'),(928,1,3,'clothoperations','Обновлена запись с полями 90','2024-04-06 08:29:31'),(929,1,2,'prices','Создана запись с полями 26','2024-04-06 08:29:40'),(930,1,3,'clothoperations','Обновлена запись с полями 90','2024-04-06 08:29:40'),(931,1,2,'prices','Создана запись с полями 200','2024-04-06 08:29:43'),(932,1,3,'clothoperations','Обновлена запись с полями 90','2024-04-06 08:29:43'),(933,1,2,'persons','Пользователь авторизовался','2024-04-06 08:36:45'),(934,1,2,'parties','Создана запись с полями 4.12','2024-04-06 08:37:43'),(935,1,2,'packages','Добавлен список из 4 записей','2024-04-06 08:37:43'),(936,1,2,'prices','Создана запись с полями 260','2024-04-06 08:37:43'),(937,1,2,'clothoperations','Создана запись с полями 94','2024-04-06 08:37:44'),(938,1,2,'prices','Создана запись с полями 260','2024-04-06 08:37:44'),(939,1,2,'clothoperations','Создана запись с полями 94','2024-04-06 08:37:44'),(940,1,2,'prices','Создана запись с полями 260','2024-04-06 08:37:44'),(941,1,2,'clothoperations','Создана запись с полями 95','2024-04-06 08:37:44'),(942,1,2,'prices','Создана запись с полями 260','2024-04-06 08:37:45'),(943,1,2,'clothoperations','Создана запись с полями 95','2024-04-06 08:37:45'),(944,1,2,'prices','Создана запись с полями 260','2024-04-06 08:37:45'),(945,1,2,'clothoperations','Создана запись с полями 96','2024-04-06 08:37:45'),(946,1,2,'prices','Создана запись с полями 260','2024-04-06 08:37:45'),(947,1,2,'clothoperations','Создана запись с полями 96','2024-04-06 08:37:46'),(948,1,2,'prices','Создана запись с полями 260','2024-04-06 08:37:46'),(949,1,2,'clothoperations','Создана запись с полями 97','2024-04-06 08:37:46'),(950,1,2,'prices','Создана запись с полями 260','2024-04-06 08:37:46'),(951,1,2,'clothoperations','Создана запись с полями 97','2024-04-06 08:37:47'),(952,1,2,'persons','Пользователь авторизовался','2024-04-06 08:50:35'),(953,1,2,'persons','Пользователь авторизовался','2024-04-06 08:54:46'),(954,1,2,'persons','Пользователь авторизовался','2024-04-06 08:58:09'),(955,1,3,'clothoperationspersons','Обновлена запись с полями 4','2024-04-06 08:58:17'),(956,1,2,'prices','Создана запись с полями 26','2024-04-06 08:58:21'),(957,1,3,'clothoperations','Обновлена запись с полями 90','2024-04-06 08:58:21'),(958,1,3,'clothoperationspersons','Обновлена запись с полями 1','2024-04-06 08:58:25'),(959,1,3,'clothoperationspersons','Обновлена запись с полями 1','2024-04-06 08:58:29'),(960,1,3,'clothoperationspersons','Обновлена запись с полями 4','2024-04-06 08:58:33'),(961,1,3,'clothoperations','Обновлена запись с полями 90','2024-04-06 08:58:33'),(962,1,2,'persons','Пользователь авторизовался','2024-04-06 09:18:07'),(963,1,2,'materials','Создана запись с полями Материал','2024-04-06 09:18:47'),(964,1,3,'clothoperations','Обновлена запись с полями Взрослые (М)','2024-04-06 09:19:09'),(965,1,2,'models','Создана запись с полями Модель 1','2024-04-06 09:20:05'),(966,1,2,'modeloperations','Создана запись с полями 16 4 1','2024-04-06 09:20:05'),(967,1,2,'modeloperations','Создана запись с полями 17 4 2','2024-04-06 09:20:05'),(968,1,2,'modeloperations','Создана запись с полями 18 4 4','2024-04-06 09:20:05'),(969,1,2,'prices','Создана запись с полями 1200','2024-04-06 09:20:05'),(970,1,2,'modelprices','Создана запись с полями 4 203','2024-04-06 09:20:06'),(971,1,2,'prices','Создана запись с полями 1400','2024-04-06 09:20:06'),(972,1,2,'modelprices','Создана запись с полями 4 204','2024-04-06 09:20:06'),(973,1,2,'modeloperations','Создана запись с полями 19 4 3','2024-04-06 09:20:14'),(974,1,2,'parties','Создана запись с полями 4.13','2024-04-06 09:21:40'),(975,1,2,'packages','Добавлен список из 5 записей','2024-04-06 09:21:40'),(976,1,2,'prices','Создана запись с полями 240','2024-04-06 09:21:40'),(977,1,2,'clothoperations','Создана запись с полями 98','2024-04-06 09:21:40'),(978,1,2,'prices','Создана запись с полями 240','2024-04-06 09:21:40'),(979,1,2,'clothoperations','Создана запись с полями 98','2024-04-06 09:21:41'),(980,1,2,'prices','Создана запись с полями 240','2024-04-06 09:21:41'),(981,1,2,'clothoperations','Создана запись с полями 98','2024-04-06 09:21:41'),(982,1,2,'prices','Создана запись с полями 240','2024-04-06 09:21:41'),(983,1,2,'clothoperations','Создана запись с полями 98','2024-04-06 09:21:41'),(984,1,2,'prices','Создана запись с полями 240','2024-04-06 09:21:42'),(985,1,2,'clothoperations','Создана запись с полями 99','2024-04-06 09:21:42'),(986,1,2,'prices','Создана запись с полями 240','2024-04-06 09:21:42'),(987,1,2,'clothoperations','Создана запись с полями 99','2024-04-06 09:21:42'),(988,1,2,'prices','Создана запись с полями 240','2024-04-06 09:21:42'),(989,1,2,'clothoperations','Создана запись с полями 99','2024-04-06 09:21:43'),(990,1,2,'prices','Создана запись с полями 240','2024-04-06 09:21:43'),(991,1,2,'clothoperations','Создана запись с полями 99','2024-04-06 09:21:43'),(992,1,2,'prices','Создана запись с полями 240','2024-04-06 09:21:43'),(993,1,2,'clothoperations','Создана запись с полями 100','2024-04-06 09:21:43'),(994,1,2,'prices','Создана запись с полями 240','2024-04-06 09:21:44'),(995,1,2,'clothoperations','Создана запись с полями 100','2024-04-06 09:21:44'),(996,1,2,'prices','Создана запись с полями 240','2024-04-06 09:21:44'),(997,1,2,'clothoperations','Создана запись с полями 100','2024-04-06 09:21:44'),(998,1,2,'prices','Создана запись с полями 240','2024-04-06 09:21:45'),(999,1,2,'clothoperations','Создана запись с полями 100','2024-04-06 09:21:45'),(1000,1,2,'prices','Создана запись с полями 240','2024-04-06 09:21:45'),(1001,1,2,'clothoperations','Создана запись с полями 101','2024-04-06 09:21:45'),(1002,1,2,'prices','Создана запись с полями 240','2024-04-06 09:21:45'),(1003,1,2,'clothoperations','Создана запись с полями 101','2024-04-06 09:21:46'),(1004,1,2,'prices','Создана запись с полями 240','2024-04-06 09:21:46'),(1005,1,2,'clothoperations','Создана запись с полями 101','2024-04-06 09:21:46'),(1006,1,2,'prices','Создана запись с полями 240','2024-04-06 09:21:46'),(1007,1,2,'clothoperations','Создана запись с полями 101','2024-04-06 09:21:46'),(1008,1,2,'prices','Создана запись с полями 240','2024-04-06 09:21:47'),(1009,1,2,'clothoperations','Создана запись с полями 102','2024-04-06 09:21:47'),(1010,1,2,'prices','Создана запись с полями 240','2024-04-06 09:21:47'),(1011,1,2,'clothoperations','Создана запись с полями 102','2024-04-06 09:21:47'),(1012,1,2,'prices','Создана запись с полями 240','2024-04-06 09:21:47'),(1013,1,2,'clothoperations','Создана запись с полями 102','2024-04-06 09:21:48'),(1014,1,2,'prices','Создана запись с полями 240','2024-04-06 09:21:48'),(1015,1,2,'clothoperations','Создана запись с полями 102','2024-04-06 09:21:48'),(1016,1,2,'clothoperationspersons','Создана запись с полями 3','2024-04-06 09:22:36'),(1017,1,2,'clothoperationspersons','Создана запись с полями 1','2024-04-06 09:22:47'),(1018,1,3,'clothoperationspersons','Обновлена запись с полями 3','2024-04-06 09:22:51'),(1019,1,3,'clothoperationspersons','Обновлена запись с полями 1','2024-04-06 09:22:55'),(1020,1,3,'clothoperations','Обновлена запись с полями 98','2024-04-06 09:22:55'),(1021,1,2,'prices','Создана запись с полями 240','2024-04-06 09:23:08'),(1022,1,3,'clothoperations','Обновлена запись с полями 98','2024-04-06 09:23:08'),(1023,1,3,'packages','Обновлена запись с полями 98','2024-04-06 09:23:18'),(1024,1,3,'packages','Обновлена запись с полями 99','2024-04-06 09:23:24'),(1025,1,3,'packages','Обновлена запись с полями 100','2024-04-06 09:23:35'),(1026,1,2,'persons','Пользователь авторизовался','2024-04-06 09:27:56'),(1027,1,2,'persons','Пользователь авторизовался','2024-04-06 09:31:14'),(1028,1,3,'clothoperationspersons','Обновлена запись с полями 1','2024-04-06 09:32:08'),(1029,1,3,'clothoperations','Обновлена запись с полями 90','2024-04-06 09:32:08'),(1030,1,2,'clothoperationspersons','Создана запись с полями 1','2024-04-06 09:32:17'),(1031,1,3,'clothoperationspersons','Обновлена запись с полями 1','2024-04-06 09:32:31'),(1032,1,3,'clothoperations','Обновлена запись с полями 90','2024-04-06 09:32:31'),(1033,1,2,'prices','Создана запись с полями 200','2024-04-06 09:32:35'),(1034,1,3,'clothoperations','Обновлена запись с полями 90','2024-04-06 09:32:35'),(1035,1,2,'clothoperationspersons','Создана запись с полями 1','2024-04-06 09:32:40'),(1036,1,2,'clothoperationspersons','Создана запись с полями 1','2024-04-06 09:33:00'),(1037,1,3,'clothoperationspersons','Обновлена запись с полями 1','2024-04-06 09:33:04'),(1038,1,3,'clothoperations','Обновлена запись с полями 91','2024-04-06 09:33:04'),(1039,1,3,'clothoperationspersons','Обновлена запись с полями 1','2024-04-06 09:33:29'),(1040,1,2,'clothoperationspersons','Создана запись с полями 1','2024-04-06 09:33:55'),(1041,1,3,'clothoperationspersons','Обновлена запись с полями 1','2024-04-06 09:34:01'),(1042,1,3,'clothoperations','Обновлена запись с полями 90','2024-04-06 09:34:01'),(1043,1,2,'clothoperationspersons','Создана запись с полями 1','2024-04-06 09:34:16'),(1044,1,3,'clothoperationspersons','Обновлена запись с полями 1','2024-04-06 09:34:20'),(1045,1,3,'clothoperations','Обновлена запись с полями 90','2024-04-06 09:34:21'),(1046,1,2,'persons','Пользователь авторизовался','2024-04-06 09:46:54'),(1047,1,2,'materials','Создана запись с полями Материал 1','2024-04-06 09:47:30'),(1048,1,3,'materials','Обновлена запись с полями Материал Бархат','2024-04-06 09:47:41'),(1049,1,4,'materials','Удалена запись с id = 5','2024-04-06 09:47:47'),(1050,1,3,'operations','Обновлена запись с полями Over','2024-04-06 09:48:31'),(1051,1,2,'models','Создана запись с полями Модель 2','2024-04-06 09:49:09'),(1052,1,2,'modeloperations','Создана запись с полями 20 5 1','2024-04-06 09:49:09'),(1053,1,2,'modeloperations','Создана запись с полями 21 5 2','2024-04-06 09:49:09'),(1054,1,2,'modeloperations','Создана запись с полями 22 5 5','2024-04-06 09:49:09'),(1055,1,2,'modeloperations','Создана запись с полями 23 5 4','2024-04-06 09:49:10'),(1056,1,2,'prices','Создана запись с полями 1200','2024-04-06 09:49:10'),(1057,1,2,'modelprices','Создана запись с полями 5 227','2024-04-06 09:49:10'),(1058,1,2,'prices','Создана запись с полями 1300','2024-04-06 09:49:11'),(1059,1,2,'modelprices','Создана запись с полями 5 228','2024-04-06 09:49:11'),(1060,1,2,'prices','Создана запись с полями 1400','2024-04-06 09:49:11'),(1061,1,2,'modelprices','Создана запись с полями 5 229','2024-04-06 09:49:11'),(1062,1,2,'parties','Создана запись с полями 3.122','2024-04-06 09:50:29'),(1063,1,2,'packages','Добавлен список из 5 записей','2024-04-06 09:50:29'),(1064,1,2,'prices','Создана запись с полями 18','2024-04-06 09:50:30'),(1065,1,2,'clothoperations','Создана запись с полями 103','2024-04-06 09:50:30'),(1066,1,2,'prices','Создана запись с полями 240','2024-04-06 09:50:30'),(1067,1,2,'clothoperations','Создана запись с полями 103','2024-04-06 09:50:30'),(1068,1,2,'prices','Создана запись с полями 240','2024-04-06 09:50:30'),(1069,1,2,'clothoperations','Создана запись с полями 103','2024-04-06 09:50:31'),(1070,1,2,'prices','Создана запись с полями 31.2','2024-04-06 09:50:31'),(1071,1,2,'clothoperations','Создана запись с полями 103','2024-04-06 09:50:31'),(1072,1,2,'prices','Создана запись с полями 18','2024-04-06 09:50:31'),(1073,1,2,'clothoperations','Создана запись с полями 104','2024-04-06 09:50:31'),(1074,1,2,'prices','Создана запись с полями 240','2024-04-06 09:50:32'),(1075,1,2,'clothoperations','Создана запись с полями 104','2024-04-06 09:50:32'),(1076,1,2,'prices','Создана запись с полями 240','2024-04-06 09:50:32'),(1077,1,2,'clothoperations','Создана запись с полями 104','2024-04-06 09:50:32'),(1078,1,2,'prices','Создана запись с полями 31.2','2024-04-06 09:50:32'),(1079,1,2,'clothoperations','Создана запись с полями 104','2024-04-06 09:50:33'),(1080,1,2,'prices','Создана запись с полями 18','2024-04-06 09:50:33'),(1081,1,2,'clothoperations','Создана запись с полями 105','2024-04-06 09:50:33'),(1082,1,2,'prices','Создана запись с полями 240','2024-04-06 09:50:33'),(1083,1,2,'clothoperations','Создана запись с полями 105','2024-04-06 09:50:34'),(1084,1,2,'prices','Создана запись с полями 240','2024-04-06 09:50:34'),(1085,1,2,'clothoperations','Создана запись с полями 105','2024-04-06 09:50:34'),(1086,1,2,'prices','Создана запись с полями 31.2','2024-04-06 09:50:34'),(1087,1,2,'clothoperations','Создана запись с полями 105','2024-04-06 09:50:34'),(1088,1,2,'prices','Создана запись с полями 18','2024-04-06 09:50:35'),(1089,1,2,'clothoperations','Создана запись с полями 106','2024-04-06 09:50:35'),(1090,1,2,'prices','Создана запись с полями 240','2024-04-06 09:50:35'),(1091,1,2,'clothoperations','Создана запись с полями 106','2024-04-06 09:50:35'),(1092,1,2,'prices','Создана запись с полями 240','2024-04-06 09:50:35'),(1093,1,2,'clothoperations','Создана запись с полями 106','2024-04-06 09:50:36'),(1094,1,2,'prices','Создана запись с полями 31.2','2024-04-06 09:50:36'),(1095,1,2,'clothoperations','Создана запись с полями 106','2024-04-06 09:50:36'),(1096,1,2,'prices','Создана запись с полями 18','2024-04-06 09:50:36'),(1097,1,2,'clothoperations','Создана запись с полями 107','2024-04-06 09:50:37'),(1098,1,2,'prices','Создана запись с полями 240','2024-04-06 09:50:37'),(1099,1,2,'clothoperations','Создана запись с полями 107','2024-04-06 09:50:37'),(1100,1,2,'prices','Создана запись с полями 240','2024-04-06 09:50:37'),(1101,1,2,'clothoperations','Создана запись с полями 107','2024-04-06 09:50:37'),(1102,1,2,'prices','Создана запись с полями 31.2','2024-04-06 09:50:38'),(1103,1,2,'clothoperations','Создана запись с полями 107','2024-04-06 09:50:38'),(1104,1,3,'packages','Обновлена запись с полями 103','2024-04-06 09:50:49'),(1105,1,2,'clothoperationspersons','Создана запись с полями 2','2024-04-06 09:51:13'),(1106,1,3,'clothoperationspersons','Обновлена запись с полями 2','2024-04-06 09:51:19'),(1107,1,3,'clothoperations','Обновлена запись с полями 104','2024-04-06 09:51:19'),(1108,1,2,'clothoperationspersons','Создана запись с полями 4','2024-04-06 09:51:28'),(1109,1,3,'clothoperationspersons','Обновлена запись с полями 4','2024-04-06 09:51:32'),(1110,1,3,'clothoperations','Обновлена запись с полями 104','2024-04-06 09:51:32'),(1111,1,2,'prices','Создана запись с полями 240','2024-04-06 09:51:41'),(1112,1,3,'clothoperations','Обновлена запись с полями 104','2024-04-06 09:51:41'),(1113,1,2,'prices','Создана запись с полями 240','2024-04-06 09:51:46'),(1114,1,2,'clothoperations','Создана запись с полями 104','2024-04-06 09:51:47'),(1115,1,2,'prices','Создана запись с полями 240','2024-04-06 09:51:51'),(1116,1,3,'clothoperations','Обновлена запись с полями 104','2024-04-06 09:51:51'),(1117,1,3,'packages','Обновлена запись с полями 104','2024-04-06 09:52:11'),(1118,1,3,'packages','Обновлена запись с полями 105','2024-04-06 09:52:22'),(1119,1,3,'packages','Обновлена запись с полями 106','2024-04-06 09:52:34'),(1120,1,2,'persons','Пользователь авторизовался','2024-04-06 10:38:06'),(1121,1,2,'persons','Пользователь авторизовался','2024-04-06 10:40:30'),(1122,1,2,'persons','Пользователь авторизовался','2024-04-06 11:13:55'),(1123,1,2,'packages','Добавлен список из 3 записей','2024-04-06 11:15:13'),(1124,1,2,'prices','Создана запись с полями 18','2024-04-06 11:15:14'),(1125,1,2,'prices','Создана запись с полями 240','2024-04-06 11:15:14'),(1126,1,2,'prices','Создана запись с полями 240','2024-04-06 11:15:14'),(1127,1,2,'prices','Создана запись с полями 240','2024-04-06 11:15:14'),(1128,1,2,'prices','Создана запись с полями 31.200000000000003','2024-04-06 11:15:14'),(1129,1,2,'prices','Создана запись с полями 18','2024-04-06 11:15:14'),(1130,1,2,'prices','Создана запись с полями 240','2024-04-06 11:15:14'),(1131,1,2,'prices','Создана запись с полями 31.200000000000003','2024-04-06 11:15:14'),(1132,1,2,'prices','Создана запись с полями 18','2024-04-06 11:15:14'),(1133,1,2,'prices','Создана запись с полями 240','2024-04-06 11:15:14'),(1134,1,2,'prices','Создана запись с полями 240','2024-04-06 11:15:14'),(1135,1,2,'prices','Создана запись с полями 31.200000000000003','2024-04-06 11:15:14'),(1136,1,2,'clothoperations','Создана запись с полями 108','2024-04-06 11:15:14'),(1137,1,2,'clothoperations','Создана запись с полями 108','2024-04-06 11:15:14'),(1138,1,2,'clothoperations','Создана запись с полями 108','2024-04-06 11:15:14'),(1139,1,2,'clothoperations','Создана запись с полями 109','2024-04-06 11:15:14'),(1140,1,2,'clothoperations','Создана запись с полями 108','2024-04-06 11:15:14'),(1141,1,2,'clothoperations','Создана запись с полями 109','2024-04-06 11:15:14'),(1142,1,2,'clothoperations','Создана запись с полями 109','2024-04-06 11:15:14'),(1143,1,2,'clothoperations','Создана запись с полями 109','2024-04-06 11:15:14'),(1144,1,2,'clothoperations','Создана запись с полями 110','2024-04-06 11:15:15'),(1145,1,2,'clothoperations','Создана запись с полями 110','2024-04-06 11:15:15'),(1146,1,2,'clothoperations','Создана запись с полями 110','2024-04-06 11:15:15'),(1147,1,2,'clothoperations','Создана запись с полями 110','2024-04-06 11:15:15');
/*!40000 ALTER TABLE `histories` ENABLE KEYS */;
UNLOCK TABLES;

--
-- Table structure for table `materials`
--

DROP TABLE IF EXISTS `materials`;
/*!40101 SET @saved_cs_client     = @@character_set_client */;
/*!50503 SET character_set_client = utf8mb4 */;
CREATE TABLE `materials` (
  `id` int NOT NULL AUTO_INCREMENT,
  `name` varchar(30) NOT NULL,
  `description` varchar(255) NOT NULL,
  `uid` varchar(10) NOT NULL,
  PRIMARY KEY (`id`)
) ENGINE=InnoDB AUTO_INCREMENT=6 DEFAULT CHARSET=utf8mb4 COLLATE=utf8mb4_0900_ai_ci;
/*!40101 SET character_set_client = @saved_cs_client */;

--
-- Dumping data for table `materials`
--

LOCK TABLES `materials` WRITE;
/*!40000 ALTER TABLE `materials` DISABLE KEYS */;
INSERT INTO `materials` VALUES (1,'Шелк','Описание шелка','SH'),(2,'Кулир ',' ',' '),(3,'Бархат','Описание Бархата','B'),(4,'Материал','Описание материала','M');
/*!40000 ALTER TABLE `materials` ENABLE KEYS */;
UNLOCK TABLES;

--
-- Table structure for table `modeloperations`
--

DROP TABLE IF EXISTS `modeloperations`;
/*!40101 SET @saved_cs_client     = @@character_set_client */;
/*!50503 SET character_set_client = utf8mb4 */;
CREATE TABLE `modeloperations` (
  `id` int NOT NULL AUTO_INCREMENT,
  `modelId` int NOT NULL,
  `operationId` int NOT NULL,
  PRIMARY KEY (`id`),
  UNIQUE KEY `modeloperations_modelId_operationId_unique` (`modelId`,`operationId`),
  KEY `operationId` (`operationId`),
  CONSTRAINT `modeloperations_ibfk_1` FOREIGN KEY (`modelId`) REFERENCES `models` (`id`) ON DELETE CASCADE ON UPDATE CASCADE,
  CONSTRAINT `modeloperations_ibfk_2` FOREIGN KEY (`operationId`) REFERENCES `operations` (`id`) ON DELETE CASCADE ON UPDATE CASCADE
) ENGINE=InnoDB AUTO_INCREMENT=24 DEFAULT CHARSET=utf8mb4 COLLATE=utf8mb4_0900_ai_ci;
/*!40101 SET character_set_client = @saved_cs_client */;

--
-- Dumping data for table `modeloperations`
--

LOCK TABLES `modeloperations` WRITE;
/*!40000 ALTER TABLE `modeloperations` DISABLE KEYS */;
INSERT INTO `modeloperations` VALUES (10,1,2),(2,1,4),(3,2,1),(4,2,4),(5,2,5),(9,3,1),(13,3,2),(15,3,3),(14,3,4),(16,4,1),(17,4,2),(19,4,3),(18,4,4),(20,5,1),(21,5,2),(23,5,4),(22,5,5);
/*!40000 ALTER TABLE `modeloperations` ENABLE KEYS */;
UNLOCK TABLES;

--
-- Table structure for table `modelprices`
--

DROP TABLE IF EXISTS `modelprices`;
/*!40101 SET @saved_cs_client     = @@character_set_client */;
/*!50503 SET character_set_client = utf8mb4 */;
CREATE TABLE `modelprices` (
  `id` int NOT NULL AUTO_INCREMENT,
  `modelId` int NOT NULL,
  `priceId` int NOT NULL,
  PRIMARY KEY (`id`),
  UNIQUE KEY `modelprices_modelId_priceId_unique` (`modelId`,`priceId`),
  KEY `priceId` (`priceId`),
  CONSTRAINT `modelprices_ibfk_1` FOREIGN KEY (`modelId`) REFERENCES `models` (`id`) ON DELETE CASCADE ON UPDATE CASCADE,
  CONSTRAINT `modelprices_ibfk_2` FOREIGN KEY (`priceId`) REFERENCES `prices` (`id`) ON DELETE CASCADE ON UPDATE CASCADE
) ENGINE=InnoDB AUTO_INCREMENT=16 DEFAULT CHARSET=utf8mb4 COLLATE=utf8mb4_0900_ai_ci;
/*!40101 SET character_set_client = @saved_cs_client */;

--
-- Dumping data for table `modelprices`
--

LOCK TABLES `modelprices` WRITE;
/*!40000 ALTER TABLE `modelprices` DISABLE KEYS */;
INSERT INTO `modelprices` VALUES (7,1,171),(8,1,172),(3,2,12),(4,2,37),(9,3,173),(10,3,174),(11,4,203),(12,4,204),(13,5,227),(14,5,228),(15,5,229);
/*!40000 ALTER TABLE `modelprices` ENABLE KEYS */;
UNLOCK TABLES;

--
-- Table structure for table `models`
--

DROP TABLE IF EXISTS `models`;
/*!40101 SET @saved_cs_client     = @@character_set_client */;
/*!50503 SET character_set_client = utf8mb4 */;
CREATE TABLE `models` (
  `id` int NOT NULL AUTO_INCREMENT,
  `title` varchar(255) NOT NULL,
  `codeVendor` varchar(30) NOT NULL,
  PRIMARY KEY (`id`)
) ENGINE=InnoDB AUTO_INCREMENT=6 DEFAULT CHARSET=utf8mb4 COLLATE=utf8mb4_0900_ai_ci;
/*!40101 SET character_set_client = @saved_cs_client */;

--
-- Dumping data for table `models`
--

LOCK TABLES `models` WRITE;
/*!40000 ALTER TABLE `models` DISABLE KEYS */;
INSERT INTO `models` VALUES (1,'Пижамные штаны тонкие','Пижамные штаны тонкие'),(2,'Боксеры муж','Боксеры муж'),(3,'Футболка дет однотон','Футболка дет однотон'),(4,'Модель 1','M'),(5,'Модель 2','M2');
/*!40000 ALTER TABLE `models` ENABLE KEYS */;
UNLOCK TABLES;

--
-- Table structure for table `operations`
--

DROP TABLE IF EXISTS `operations`;
/*!40101 SET @saved_cs_client     = @@character_set_client */;
/*!50503 SET character_set_client = utf8mb4 */;
CREATE TABLE `operations` (
  `id` int NOT NULL AUTO_INCREMENT,
  `uid` varchar(5) NOT NULL,
  `name` varchar(30) NOT NULL,
  `description` varchar(255) NOT NULL,
  `percent` double NOT NULL,
  PRIMARY KEY (`id`)
) ENGINE=InnoDB AUTO_INCREMENT=6 DEFAULT CHARSET=utf8mb4 COLLATE=utf8mb4_0900_ai_ci;
/*!40101 SET character_set_client = @saved_cs_client */;

--
-- Dumping data for table `operations`
--

LOCK TABLES `operations` WRITE;
/*!40000 ALTER TABLE `operations` DISABLE KEYS */;
INSERT INTO `operations` VALUES (1,'Over','Overlock','Особая строчка',1.5),(2,'YN','Универсальная','Univer',20),(3,'PL','Плоская','Плоская машина',20),(4,'GL','Глажка','Глажка описание',20),(5,' ','Бейка',' ',2.6);
/*!40000 ALTER TABLE `operations` ENABLE KEYS */;
UNLOCK TABLES;

--
-- Table structure for table `packages`
--

DROP TABLE IF EXISTS `packages`;
/*!40101 SET @saved_cs_client     = @@character_set_client */;
/*!50503 SET character_set_client = utf8mb4 */;
CREATE TABLE `packages` (
  `id` int NOT NULL AUTO_INCREMENT,
  `personId` int NOT NULL,
  `partyId` int NOT NULL,
  `sizeId` int NOT NULL,
  `count` int NOT NULL,
  `materialId` int NOT NULL,
  `isEnded` tinyint(1) NOT NULL DEFAULT '0',
  `isRepeat` tinyint(1) NOT NULL DEFAULT '0',
  `isUpdated` tinyint(1) NOT NULL DEFAULT '0',
  `createdAt` datetime NOT NULL,
  PRIMARY KEY (`id`),
  KEY `personId` (`personId`),
  KEY `partyId` (`partyId`),
  KEY `sizeId` (`sizeId`),
  KEY `materialId` (`materialId`),
  CONSTRAINT `packages_ibfk_1` FOREIGN KEY (`personId`) REFERENCES `persons` (`id`) ON DELETE CASCADE ON UPDATE CASCADE,
  CONSTRAINT `packages_ibfk_2` FOREIGN KEY (`partyId`) REFERENCES `parties` (`id`) ON UPDATE CASCADE,
  CONSTRAINT `packages_ibfk_3` FOREIGN KEY (`sizeId`) REFERENCES `sizes` (`id`) ON UPDATE CASCADE,
  CONSTRAINT `packages_ibfk_4` FOREIGN KEY (`materialId`) REFERENCES `materials` (`id`) ON UPDATE CASCADE
) ENGINE=InnoDB AUTO_INCREMENT=111 DEFAULT CHARSET=utf8mb4 COLLATE=utf8mb4_0900_ai_ci;
/*!40101 SET character_set_client = @saved_cs_client */;

--
-- Dumping data for table `packages`
--

LOCK TABLES `packages` WRITE;
/*!40000 ALTER TABLE `packages` DISABLE KEYS */;
INSERT INTO `packages` VALUES (1,1,1,1,21,1,1,0,1,'2023-11-27 15:59:31'),(2,1,1,1,23,1,0,0,0,'2023-11-27 15:59:31'),(3,1,1,1,23,1,0,0,0,'2023-11-27 15:59:31'),(4,1,1,1,23,1,0,0,0,'2023-11-27 15:59:31'),(6,1,6,1,21,1,0,0,0,'2023-11-29 17:14:33'),(7,1,6,1,21,1,0,0,0,'2023-11-29 17:14:33'),(8,1,6,1,21,1,0,0,0,'2023-11-29 17:14:33'),(9,1,6,1,21,1,0,0,0,'2023-11-29 17:14:33'),(18,1,9,1,21,1,0,0,0,'2023-11-29 17:55:34'),(19,1,9,1,21,1,0,0,0,'2023-11-29 17:55:34'),(20,1,9,1,21,1,0,0,0,'2023-11-29 17:55:34'),(21,1,9,1,21,1,0,0,0,'2023-11-29 17:55:34'),(22,1,9,1,21,1,0,0,0,'2023-11-29 17:55:34'),(28,1,1,1,21,1,0,0,0,'2023-11-29 18:18:46'),(29,1,1,1,21,1,0,0,0,'2023-11-29 18:18:46'),(30,1,1,1,21,1,0,0,0,'2023-11-29 18:18:46'),(31,1,10,1,12,1,0,1,1,'2023-11-30 04:58:13'),(32,1,10,1,106,1,0,0,1,'2023-11-30 04:58:13'),(33,1,10,1,15,1,1,0,1,'2023-11-30 04:58:13'),(34,1,10,1,17,1,0,0,0,'2023-11-30 04:58:13'),(35,1,11,1,15,1,0,0,0,'2023-11-30 05:10:35'),(36,1,11,1,16,1,0,0,0,'2023-11-30 05:10:35'),(37,1,12,1,12,1,0,0,0,'2023-11-30 05:11:58'),(38,1,12,1,21,1,0,0,0,'2023-11-30 05:11:58'),(39,1,12,1,23,1,0,0,0,'2023-11-30 05:11:58'),(40,1,13,3,15,2,0,0,0,'2023-11-30 05:22:48'),(41,1,13,3,26,2,0,0,0,'2023-11-30 05:22:48'),(42,1,13,3,14,2,0,0,1,'2023-11-30 05:22:48'),(43,1,13,3,14,2,0,0,0,'2023-11-30 05:22:48'),(44,1,14,3,21,1,0,0,0,'2023-12-06 09:55:54'),(45,1,14,3,21,1,0,0,0,'2023-12-06 09:55:54'),(46,1,14,3,21,1,0,0,0,'2023-12-06 09:55:54'),(47,1,14,3,21,1,0,0,0,'2023-12-06 09:55:54'),(48,1,6,2,21,2,0,0,0,'2024-01-07 13:06:48'),(49,1,6,2,22,2,0,0,0,'2024-01-07 13:06:48'),(50,1,6,2,23,2,0,0,0,'2024-01-07 13:06:48'),(51,1,16,1,1,2,1,0,1,'2024-01-09 05:29:39'),(52,1,16,1,1,2,0,0,0,'2024-01-09 05:29:39'),(53,1,16,2,1,2,0,0,1,'2024-01-09 05:29:39'),(54,1,1,1,12,1,0,0,0,'2024-01-22 14:02:03'),(55,1,1,1,12,2,0,0,0,'2024-01-22 14:02:03'),(56,1,1,1,12,2,0,0,0,'2024-01-22 14:02:03'),(57,1,1,1,12,1,0,0,0,'2024-01-22 14:02:03'),(58,1,17,2,21,2,0,0,0,'2024-01-22 14:03:04'),(59,1,17,2,21,2,0,0,0,'2024-01-22 14:03:04'),(60,1,17,2,21,1,0,0,0,'2024-01-22 14:03:04'),(61,1,1,1,21,2,0,0,0,'2024-02-04 12:14:38'),(62,1,1,1,21,2,0,0,0,'2024-02-04 12:14:38'),(63,1,1,1,21,2,0,0,0,'2024-02-04 12:17:01'),(64,1,1,1,21,2,0,0,0,'2024-02-04 12:17:01'),(65,1,18,3,21,2,0,0,0,'2024-02-04 12:20:24'),(66,1,18,3,32,2,0,0,0,'2024-02-04 12:20:24'),(67,1,18,3,21,2,0,0,0,'2024-02-04 12:20:24'),(68,2,18,3,21,1,0,0,0,'2024-02-04 15:17:11'),(69,3,18,3,21,2,0,0,0,'2024-02-04 15:17:11'),(70,2,18,3,21,2,0,0,0,'2024-02-05 13:04:50'),(71,1,18,3,21,2,0,0,0,'2024-02-05 13:04:50'),(72,4,18,3,21,1,0,0,0,'2024-02-05 13:04:50'),(73,1,18,1,21,2,0,0,0,'2024-02-05 13:10:10'),(74,1,18,1,23,1,0,0,0,'2024-02-05 13:10:10'),(75,2,19,1,21,1,0,0,0,'2024-02-13 03:39:42'),(76,2,19,1,23,2,0,0,0,'2024-02-13 03:39:42'),(77,1,19,1,21,2,0,0,0,'2024-02-13 03:43:06'),(78,1,19,1,46,1,0,0,0,'2024-02-13 03:43:06'),(79,1,19,1,5,2,0,0,0,'2024-02-13 03:49:03'),(80,1,19,1,5,1,0,0,0,'2024-02-13 03:49:03'),(81,1,19,1,21,1,0,0,0,'2024-02-13 03:49:03'),(82,1,19,1,22,1,0,0,0,'2024-02-13 03:49:03'),(83,1,19,1,5,1,0,0,0,'2024-02-13 03:49:03'),(88,3,22,1,21,2,1,0,1,'2024-03-04 04:46:36'),(89,2,22,1,21,2,0,0,0,'2024-03-04 04:46:36'),(90,1,23,10,42,1,0,0,0,'2024-04-06 08:27:43'),(91,3,23,10,23,3,0,0,0,'2024-04-06 08:27:43'),(92,3,23,10,23,1,0,0,0,'2024-04-06 08:27:43'),(93,2,23,10,23,3,0,0,0,'2024-04-06 08:27:43'),(94,4,24,1,21,2,0,0,0,'2024-04-06 08:37:42'),(95,3,24,1,21,3,0,0,0,'2024-04-06 08:37:42'),(96,2,24,1,21,3,0,0,0,'2024-04-06 08:37:42'),(97,3,24,1,21,2,0,0,0,'2024-04-06 08:37:42'),(98,2,25,1,21,2,1,0,1,'2024-04-06 09:21:39'),(99,3,25,1,23,3,0,1,1,'2024-04-06 09:21:39'),(100,2,25,1,24,4,0,0,1,'2024-04-06 09:21:39'),(101,3,25,1,23,4,0,0,0,'2024-04-06 09:21:39'),(102,4,25,1,23,4,0,0,0,'2024-04-06 09:21:39'),(103,2,26,1,42,2,0,1,1,'2024-04-06 09:50:29'),(104,3,26,1,42,1,1,0,1,'2024-04-06 09:50:29'),(105,1,26,1,42,2,0,0,1,'2024-04-06 09:50:29'),(106,4,26,1,43,1,0,0,1,'2024-04-06 09:50:29'),(107,4,26,1,42,1,0,0,0,'2024-04-06 09:50:29'),(108,1,26,3,24,4,0,0,0,'2024-04-06 11:15:13'),(109,1,26,3,26,4,0,0,0,'2024-04-06 11:15:13'),(110,1,26,3,28,2,0,0,0,'2024-04-06 11:15:13');
/*!40000 ALTER TABLE `packages` ENABLE KEYS */;
UNLOCK TABLES;

--
-- Table structure for table `parties`
--

DROP TABLE IF EXISTS `parties`;
/*!40101 SET @saved_cs_client     = @@character_set_client */;
/*!50503 SET character_set_client = utf8mb4 */;
CREATE TABLE `parties` (
  `id` int NOT NULL AUTO_INCREMENT,
  `modelId` int NOT NULL,
  `personId` int NOT NULL,
  `priceId` int NOT NULL,
  `dateStart` date NOT NULL,
  `dateEnd` date DEFAULT NULL,
  `cutNumber` varchar(10) NOT NULL,
  PRIMARY KEY (`id`),
  KEY `modelId` (`modelId`),
  KEY `personId` (`personId`),
  KEY `priceId` (`priceId`),
  CONSTRAINT `parties_ibfk_1` FOREIGN KEY (`modelId`) REFERENCES `models` (`id`) ON DELETE CASCADE ON UPDATE CASCADE,
  CONSTRAINT `parties_ibfk_2` FOREIGN KEY (`personId`) REFERENCES `persons` (`id`) ON DELETE CASCADE ON UPDATE CASCADE,
  CONSTRAINT `parties_ibfk_3` FOREIGN KEY (`priceId`) REFERENCES `prices` (`id`) ON DELETE CASCADE ON UPDATE CASCADE
) ENGINE=InnoDB AUTO_INCREMENT=27 DEFAULT CHARSET=utf8mb4 COLLATE=utf8mb4_0900_ai_ci;
/*!40101 SET character_set_client = @saved_cs_client */;

--
-- Dumping data for table `parties`
--

LOCK TABLES `parties` WRITE;
/*!40000 ALTER TABLE `parties` DISABLE KEYS */;
INSERT INTO `parties` VALUES (1,1,1,1,'2023-11-01','2023-11-01','1.11'),(6,2,1,12,'2023-11-01','2023-11-01','2.11'),(9,1,1,1,'2023-11-01','2023-11-01','3.11'),(10,2,2,37,'2023-12-01','2023-12-01','1.12'),(11,1,4,2,'2023-02-01','2023-02-01','2.12'),(12,1,4,1,'2023-12-01','2023-12-01','3.12'),(13,2,4,37,'2023-11-01','2023-11-01','07,11'),(14,2,2,37,'2023-11-01','2023-11-01','2.33'),(15,1,2,1,'2023-12-01','2023-12-31','211.12'),(16,1,1,1,'2024-01-01','2024-01-01','1.01'),(17,3,2,89,'2024-01-01','2024-01-01','1.01'),(18,2,2,12,'2024-02-01','2024-02-29','1000.2'),(19,3,1,89,'2024-02-01','2024-02-01','22.21'),(20,2,1,37,'2024-03-01','2024-03-01','211'),(21,2,1,37,'2024-03-01','2024-03-01','1111'),(22,2,3,37,'2024-03-01','2024-03-01','1/11'),(23,3,2,173,'2024-04-01','2024-04-30','4.11'),(24,1,4,172,'2024-04-01','2024-04-30','4.12'),(25,4,3,203,'2024-04-01','2024-04-30','4.13'),(26,5,2,227,'2024-04-01','2024-04-30','3.122');
/*!40000 ALTER TABLE `parties` ENABLE KEYS */;
UNLOCK TABLES;

--
-- Table structure for table `permissions`
--

DROP TABLE IF EXISTS `permissions`;
/*!40101 SET @saved_cs_client     = @@character_set_client */;
/*!50503 SET character_set_client = utf8mb4 */;
CREATE TABLE `permissions` (
  `id` int NOT NULL AUTO_INCREMENT,
  `personId` int NOT NULL,
  `postId` int NOT NULL,
  PRIMARY KEY (`id`),
  UNIQUE KEY `permissions_postId_personId_unique` (`personId`,`postId`),
  KEY `postId` (`postId`),
  CONSTRAINT `permissions_ibfk_1` FOREIGN KEY (`personId`) REFERENCES `persons` (`id`) ON DELETE CASCADE ON UPDATE CASCADE,
  CONSTRAINT `permissions_ibfk_2` FOREIGN KEY (`postId`) REFERENCES `posts` (`id`) ON DELETE CASCADE ON UPDATE CASCADE
) ENGINE=InnoDB AUTO_INCREMENT=9 DEFAULT CHARSET=utf8mb4 COLLATE=utf8mb4_0900_ai_ci;
/*!40101 SET character_set_client = @saved_cs_client */;

--
-- Dumping data for table `permissions`
--

LOCK TABLES `permissions` WRITE;
/*!40000 ALTER TABLE `permissions` DISABLE KEYS */;
INSERT INTO `permissions` VALUES (1,1,1),(2,1,2),(3,1,3),(4,2,1),(5,2,3),(6,3,1),(7,4,1),(8,4,3);
/*!40000 ALTER TABLE `permissions` ENABLE KEYS */;
UNLOCK TABLES;

--
-- Table structure for table `persons`
--

DROP TABLE IF EXISTS `persons`;
/*!40101 SET @saved_cs_client     = @@character_set_client */;
/*!50503 SET character_set_client = utf8mb4 */;
CREATE TABLE `persons` (
  `id` int NOT NULL AUTO_INCREMENT,
  `email` varchar(50) NOT NULL,
  `password` varchar(300) NOT NULL,
  `lastName` varchar(40) NOT NULL,
  `firstName` varchar(40) NOT NULL,
  `patronymic` varchar(50) DEFAULT NULL,
  `birthDay` date NOT NULL,
  `uid` varchar(20) NOT NULL,
  `dateRegistration` datetime NOT NULL,
  PRIMARY KEY (`id`),
  UNIQUE KEY `email` (`email`),
  UNIQUE KEY `uid` (`uid`)
) ENGINE=InnoDB AUTO_INCREMENT=5 DEFAULT CHARSET=utf8mb4 COLLATE=utf8mb4_0900_ai_ci;
/*!40101 SET character_set_client = @saved_cs_client */;

--
-- Dumping data for table `persons`
--

LOCK TABLES `persons` WRITE;
/*!40000 ALTER TABLE `persons` DISABLE KEYS */;
INSERT INTO `persons` VALUES (1,'anna_fetisova@gmail.com','$2b$04$Z07sFGmU.HsNpuA0y9a4POeB5kDX6Ac96lJRvzWzzJ7RQ.MA3iVyO','Фетисова','Анна','Николаевна','1987-10-10','anna','2023-11-11 00:00:00'),(2,'vogistv@gmail.com','$2b$04$/QNGXBNT888BO4iZIl.XLudFuiIEZ3aFKXz19M0BayqEb4U.L818e','Степанов','Виталий','Викторович','2003-12-01','vita','2023-11-30 04:00:49'),(3,'second@mail.ru','$2b$04$3v1j2sRIod0zZb9QgugT7e4uPse9Lt5ymn2v3vXND.VyqyyJOu/Nu','Иванов','Иван','Иванович','2023-11-30','ivan','2023-11-30 04:01:23'),(4,'12334567@mail.ru','$2b$04$ajKzhkBdfyiusnLbnEuq1.jFGpEKtdNV2FmNwtSDGpgP/pH2Jnc5K','Амельи ','Катя',' ','2023-11-30','К','2023-11-30 05:09:01');
/*!40000 ALTER TABLE `persons` ENABLE KEYS */;
UNLOCK TABLES;

--
-- Table structure for table `posts`
--

DROP TABLE IF EXISTS `posts`;
/*!40101 SET @saved_cs_client     = @@character_set_client */;
/*!50503 SET character_set_client = utf8mb4 */;
CREATE TABLE `posts` (
  `id` int NOT NULL AUTO_INCREMENT,
  `name` varchar(30) NOT NULL,
  `description` varchar(255) NOT NULL,
  PRIMARY KEY (`id`),
  UNIQUE KEY `name` (`name`)
) ENGINE=InnoDB AUTO_INCREMENT=4 DEFAULT CHARSET=utf8mb4 COLLATE=utf8mb4_0900_ai_ci;
/*!40101 SET character_set_client = @saved_cs_client */;

--
-- Dumping data for table `posts`
--

LOCK TABLES `posts` WRITE;
/*!40000 ALTER TABLE `posts` DISABLE KEYS */;
INSERT INTO `posts` VALUES (1,'EMPLOYEE','Работник'),(2,'ADMIN','Администратор данных'),(3,'CUTTER','Кройщик');
/*!40000 ALTER TABLE `posts` ENABLE KEYS */;
UNLOCK TABLES;

--
-- Table structure for table `prices`
--

DROP TABLE IF EXISTS `prices`;
/*!40101 SET @saved_cs_client     = @@character_set_client */;
/*!50503 SET character_set_client = utf8mb4 */;
CREATE TABLE `prices` (
  `id` int NOT NULL AUTO_INCREMENT,
  `number` float NOT NULL,
  `date` datetime NOT NULL,
  PRIMARY KEY (`id`)
) ENGINE=InnoDB AUTO_INCREMENT=265 DEFAULT CHARSET=utf8mb4 COLLATE=utf8mb4_0900_ai_ci;
/*!40101 SET character_set_client = @saved_cs_client */;

--
-- Dumping data for table `prices`
--

LOCK TABLES `prices` WRITE;
/*!40000 ALTER TABLE `prices` DISABLE KEYS */;
INSERT INTO `prices` VALUES (1,1200,'2023-11-27 15:58:00'),(2,1300,'2023-11-27 15:58:00'),(3,240,'2023-11-27 15:59:31'),(4,240,'2023-11-27 15:59:32'),(5,240,'2023-11-27 15:59:32'),(6,240,'2023-11-27 15:59:33'),(7,240,'2023-11-27 15:59:33'),(8,240,'2023-11-27 15:59:34'),(9,240,'2023-11-27 15:59:34'),(10,240,'2023-11-27 15:59:35'),(11,240,'2023-11-28 02:49:57'),(12,23,'2023-11-29 17:07:02'),(13,4.6,'2023-11-29 17:14:33'),(14,4.6,'2023-11-29 17:14:33'),(15,4.6,'2023-11-29 17:14:34'),(16,4.6,'2023-11-29 17:14:34'),(17,4.6,'2023-11-29 17:14:35'),(18,4.6,'2023-11-29 17:14:35'),(19,4.6,'2023-11-29 17:14:35'),(20,4.6,'2023-11-29 17:14:36'),(21,240,'2023-11-29 17:55:50'),(22,240,'2023-11-29 17:55:51'),(23,240,'2023-11-29 17:55:51'),(24,240,'2023-11-29 17:55:51'),(25,240,'2023-11-29 17:55:52'),(26,240,'2023-11-29 17:55:52'),(27,240,'2023-11-29 17:55:53'),(28,240,'2023-11-29 17:55:53'),(29,240,'2023-11-29 17:55:54'),(30,240,'2023-11-29 17:55:54'),(31,240,'2023-11-29 18:18:47'),(32,240,'2023-11-29 18:18:47'),(33,240,'2023-11-29 18:18:48'),(34,240,'2023-11-29 18:18:48'),(35,240,'2023-11-29 18:18:49'),(36,240,'2023-11-29 18:18:49'),(37,500,'2023-11-30 04:56:20'),(38,100,'2023-11-30 04:58:13'),(39,100,'2023-11-30 04:58:14'),(40,100,'2023-11-30 04:58:14'),(41,100,'2023-11-30 04:58:15'),(42,100,'2023-11-30 04:58:15'),(43,100,'2023-11-30 04:58:15'),(44,100,'2023-11-30 04:58:16'),(45,100,'2023-11-30 04:58:16'),(46,240,'2023-11-30 04:59:52'),(47,240,'2023-11-30 05:00:02'),(48,260,'2023-11-30 05:10:35'),(49,260,'2023-11-30 05:10:36'),(50,260,'2023-11-30 05:10:36'),(51,260,'2023-11-30 05:10:36'),(52,240,'2023-11-30 05:11:58'),(53,240,'2023-11-30 05:11:59'),(54,240,'2023-11-30 05:11:59'),(55,240,'2023-11-30 05:12:00'),(56,240,'2023-11-30 05:12:00'),(57,240,'2023-11-30 05:12:01'),(58,100,'2023-11-30 05:22:48'),(59,100,'2023-11-30 05:22:49'),(60,100,'2023-11-30 05:22:49'),(61,100,'2023-11-30 05:22:50'),(62,100,'2023-11-30 05:22:50'),(63,100,'2023-11-30 05:22:51'),(64,100,'2023-11-30 05:22:51'),(65,100,'2023-11-30 05:22:51'),(66,100,'2023-12-06 09:55:54'),(67,100,'2023-12-06 09:55:55'),(68,10,'2023-12-06 09:55:55'),(69,100,'2023-12-06 09:55:56'),(70,100,'2023-12-06 09:55:56'),(71,10,'2023-12-06 09:55:56'),(72,100,'2023-12-06 09:55:57'),(73,100,'2023-12-06 09:55:57'),(74,10,'2023-12-06 09:55:58'),(75,100,'2023-12-06 09:55:58'),(76,100,'2023-12-06 09:55:59'),(77,10,'2023-12-06 09:55:59'),(78,100,'2023-12-06 11:21:52'),(79,100,'2023-12-06 11:21:58'),(80,100,'2023-12-06 11:37:07'),(81,240,'2024-01-09 05:29:39'),(82,240,'2024-01-09 05:29:40'),(83,240,'2024-01-09 05:29:41'),(84,240,'2024-01-09 05:29:41'),(85,240,'2024-01-09 05:29:41'),(86,240,'2024-01-09 05:29:42'),(87,240,'2024-01-09 05:30:28'),(88,240,'2024-01-22 13:11:16'),(89,231,'2024-01-22 13:15:42'),(90,500,'2024-01-22 13:17:52'),(91,240,'2024-01-22 13:44:40'),(92,240,'2024-01-22 13:53:35'),(93,240,'2024-02-04 09:14:39'),(94,240,'2024-02-04 09:14:39'),(95,240,'2024-02-04 09:14:39'),(96,240,'2024-02-04 09:14:39'),(97,240,'2024-02-04 09:17:02'),(98,240,'2024-02-04 09:17:02'),(99,240,'2024-02-04 09:17:02'),(100,240,'2024-02-04 09:17:02'),(101,4.6,'2024-02-04 09:20:24'),(102,4.6,'2024-02-04 09:20:25'),(103,0.598,'2024-02-04 09:20:25'),(104,4.6,'2024-02-04 09:20:25'),(105,4.6,'2024-02-04 09:20:25'),(106,0.598,'2024-02-04 09:20:25'),(107,4.6,'2024-02-04 09:20:25'),(108,0.598,'2024-02-04 09:20:25'),(109,4.6,'2024-02-04 09:20:25'),(110,4.6,'2024-02-04 15:17:11'),(111,4.6,'2024-02-04 15:17:11'),(112,0.598,'2024-02-04 15:17:12'),(113,4.6,'2024-02-04 15:17:12'),(114,4.6,'2024-02-04 15:17:12'),(115,0.598,'2024-02-04 15:17:13'),(116,4.6,'2024-02-05 13:04:50'),(117,4.6,'2024-02-05 13:04:51'),(118,0.598,'2024-02-05 13:04:51'),(119,4.6,'2024-02-05 13:04:52'),(120,4.6,'2024-02-05 13:04:52'),(121,0.598,'2024-02-05 13:04:52'),(122,4.6,'2024-02-05 13:04:53'),(123,4.6,'2024-02-05 13:04:53'),(124,0.598,'2024-02-05 13:04:54'),(125,4.6,'2024-02-05 10:10:07'),(126,4.6,'2024-02-05 10:10:07'),(127,0.598,'2024-02-05 10:10:07'),(128,4.6,'2024-02-05 10:10:07'),(129,0.598,'2024-02-05 10:10:07'),(130,4.6,'2024-02-05 10:10:07'),(131,46.2,'2024-02-13 03:39:42'),(132,46.2,'2024-02-13 03:39:43'),(133,46.2,'2024-02-13 03:39:43'),(134,46.2,'2024-02-13 03:39:44'),(135,46.2,'2024-02-13 03:39:44'),(136,46.2,'2024-02-13 03:39:45'),(137,46.2,'2024-02-13 07:43:06'),(138,46.2,'2024-02-13 07:43:06'),(139,46.2,'2024-02-13 07:43:06'),(140,46.2,'2024-02-13 07:43:06'),(141,46.2,'2024-02-13 07:43:06'),(142,46.2,'2024-02-13 07:43:06'),(143,4.6,'2024-02-13 03:46:21'),(144,46.2,'2024-02-13 07:49:03'),(145,46.2,'2024-02-13 07:49:03'),(146,46.2,'2024-02-13 07:49:03'),(147,46.2,'2024-02-13 07:49:03'),(148,46.2,'2024-02-13 07:49:03'),(149,46.2,'2024-02-13 07:49:03'),(150,46.2,'2024-02-13 07:49:03'),(151,46.2,'2024-02-13 07:49:03'),(152,46.2,'2024-02-13 07:49:03'),(153,46.2,'2024-02-13 07:49:03'),(154,46.2,'2024-02-13 07:49:03'),(155,46.2,'2024-02-13 07:49:03'),(156,46.2,'2024-02-13 07:49:03'),(157,46.2,'2024-02-13 07:49:03'),(158,46.2,'2024-02-13 07:49:03'),(159,100,'2024-03-04 04:40:35'),(160,100,'2024-03-04 04:44:00'),(161,100,'2024-03-04 04:46:36'),(162,100,'2024-03-04 04:46:37'),(163,13,'2024-03-04 04:46:37'),(164,100,'2024-03-04 04:46:37'),(165,100,'2024-03-04 04:46:38'),(166,13,'2024-03-04 04:46:38'),(167,100,'2024-03-04 04:47:56'),(168,100,'2024-03-04 04:49:26'),(169,100,'2024-03-04 04:49:41'),(170,100,'2024-03-04 04:53:06'),(171,1200,'2024-04-06 03:18:41'),(172,1300,'2024-04-06 03:18:47'),(173,1000,'2024-04-06 03:18:56'),(174,2100,'2024-04-06 03:19:02'),(175,200,'2024-04-06 08:27:43'),(176,200,'2024-04-06 08:27:43'),(177,200,'2024-04-06 08:27:44'),(178,200,'2024-04-06 08:27:44'),(179,200,'2024-04-06 08:27:44'),(180,200,'2024-04-06 08:27:45'),(181,200,'2024-04-06 08:27:45'),(182,200,'2024-04-06 08:27:46'),(183,200,'2024-04-06 08:27:46'),(184,200,'2024-04-06 08:27:46'),(185,200,'2024-04-06 08:27:47'),(186,200,'2024-04-06 08:27:47'),(187,200,'2024-04-06 08:27:48'),(188,200,'2024-04-06 08:27:48'),(189,200,'2024-04-06 08:27:48'),(190,200,'2024-04-06 08:27:49'),(191,26,'2024-04-06 08:29:30'),(192,26,'2024-04-06 08:29:39'),(193,200,'2024-04-06 08:29:42'),(194,260,'2024-04-06 08:37:43'),(195,260,'2024-04-06 08:37:43'),(196,260,'2024-04-06 08:37:43'),(197,260,'2024-04-06 08:37:44'),(198,260,'2024-04-06 08:37:44'),(199,260,'2024-04-06 08:37:45'),(200,260,'2024-04-06 08:37:45'),(201,260,'2024-04-06 08:37:46'),(202,26,'2024-04-06 08:58:20'),(203,1200,'2024-04-06 09:20:04'),(204,1400,'2024-04-06 09:20:04'),(205,240,'2024-04-06 09:21:39'),(206,240,'2024-04-06 09:21:40'),(207,240,'2024-04-06 09:21:40'),(208,240,'2024-04-06 09:21:40'),(209,240,'2024-04-06 09:21:41'),(210,240,'2024-04-06 09:21:41'),(211,240,'2024-04-06 09:21:42'),(212,240,'2024-04-06 09:21:42'),(213,240,'2024-04-06 09:21:43'),(214,240,'2024-04-06 09:21:43'),(215,240,'2024-04-06 09:21:43'),(216,240,'2024-04-06 09:21:44'),(217,240,'2024-04-06 09:21:44'),(218,240,'2024-04-06 09:21:45'),(219,240,'2024-04-06 09:21:45'),(220,240,'2024-04-06 09:21:45'),(221,240,'2024-04-06 09:21:46'),(222,240,'2024-04-06 09:21:46'),(223,240,'2024-04-06 09:21:47'),(224,240,'2024-04-06 09:21:47'),(225,240,'2024-04-06 09:23:07'),(226,200,'2024-04-06 09:32:34'),(227,1200,'2024-04-06 09:49:08'),(228,1300,'2024-04-06 09:49:08'),(229,1400,'2024-04-06 09:49:08'),(230,18,'2024-04-06 09:50:29'),(231,240,'2024-04-06 09:50:29'),(232,240,'2024-04-06 09:50:30'),(233,31.2,'2024-04-06 09:50:30'),(234,18,'2024-04-06 09:50:30'),(235,240,'2024-04-06 09:50:31'),(236,240,'2024-04-06 09:50:31'),(237,31.2,'2024-04-06 09:50:32'),(238,18,'2024-04-06 09:50:32'),(239,240,'2024-04-06 09:50:32'),(240,240,'2024-04-06 09:50:33'),(241,31.2,'2024-04-06 09:50:33'),(242,18,'2024-04-06 09:50:34'),(243,240,'2024-04-06 09:50:34'),(244,240,'2024-04-06 09:50:35'),(245,31.2,'2024-04-06 09:50:35'),(246,18,'2024-04-06 09:50:36'),(247,240,'2024-04-06 09:50:36'),(248,240,'2024-04-06 09:50:36'),(249,31.2,'2024-04-06 09:50:37'),(250,240,'2024-04-06 09:51:40'),(251,240,'2024-04-06 09:51:46'),(252,240,'2024-04-06 09:51:50'),(253,18,'2024-04-06 15:15:13'),(254,240,'2024-04-06 15:15:13'),(255,240,'2024-04-06 15:15:13'),(256,240,'2024-04-06 15:15:13'),(257,31.2,'2024-04-06 15:15:13'),(258,18,'2024-04-06 15:15:13'),(259,240,'2024-04-06 15:15:13'),(260,31.2,'2024-04-06 15:15:13'),(261,18,'2024-04-06 15:15:13'),(262,240,'2024-04-06 15:15:13'),(263,240,'2024-04-06 15:15:13'),(264,31.2,'2024-04-06 15:15:13');
/*!40000 ALTER TABLE `prices` ENABLE KEYS */;
UNLOCK TABLES;

--
-- Table structure for table `sizes`
--

DROP TABLE IF EXISTS `sizes`;
/*!40101 SET @saved_cs_client     = @@character_set_client */;
/*!50503 SET character_set_client = utf8mb4 */;
CREATE TABLE `sizes` (
  `id` int NOT NULL AUTO_INCREMENT,
  `number` varchar(10) NOT NULL,
  `ageId` int NOT NULL,
  PRIMARY KEY (`id`),
  KEY `ageId` (`ageId`),
  CONSTRAINT `sizes_ibfk_1` FOREIGN KEY (`ageId`) REFERENCES `ages` (`id`) ON DELETE CASCADE ON UPDATE CASCADE
) ENGINE=InnoDB AUTO_INCREMENT=14 DEFAULT CHARSET=utf8mb4 COLLATE=utf8mb4_0900_ai_ci;
/*!40101 SET character_set_client = @saved_cs_client */;

--
-- Dumping data for table `sizes`
--

LOCK TABLES `sizes` WRITE;
/*!40000 ALTER TABLE `sizes` DISABLE KEYS */;
INSERT INTO `sizes` VALUES (1,'42',1),(2,'44',2),(3,'46',2),(10,'40-42',3),(11,'42-44',3),(12,'44-46',3);
/*!40000 ALTER TABLE `sizes` ENABLE KEYS */;
UNLOCK TABLES;
/*!40103 SET TIME_ZONE=@OLD_TIME_ZONE */;

/*!40101 SET SQL_MODE=@OLD_SQL_MODE */;
/*!40014 SET FOREIGN_KEY_CHECKS=@OLD_FOREIGN_KEY_CHECKS */;
/*!40014 SET UNIQUE_CHECKS=@OLD_UNIQUE_CHECKS */;
/*!40101 SET CHARACTER_SET_CLIENT=@OLD_CHARACTER_SET_CLIENT */;
/*!40101 SET CHARACTER_SET_RESULTS=@OLD_CHARACTER_SET_RESULTS */;
/*!40101 SET COLLATION_CONNECTION=@OLD_COLLATION_CONNECTION */;
/*!40111 SET SQL_NOTES=@OLD_SQL_NOTES */;

-- Dump completed on 2024-04-07 18:36:16
